0; 5; 1; 20; 
1; 4,98991; 1,01007; 20,696; 
2; 4,97982; 1,02008; 21,3709; 
3; 4,96975; 1,03002; 22,0254; 
4; 4,95969; 1,03991; 22,6606; 
5; 4,94964; 1,04974; 23,277; 
6; 4,93959; 1,05952; 23,8756; 
7; 4,92956; 1,06923; 24,4569; 
8; 4,91954; 1,07889; 25,0217; 
9; 4,90953; 1,08849; 25,5706; 
10; 4,89953; 1,09804; 26,1041; 
11; 4,88954; 1,10753; 26,623; 
12; 4,87956; 1,11696; 27,1276; 
13; 4,86959; 1,12634; 27,6186; 
14; 4,85963; 1,13567; 28,0963; 
15; 4,84968; 1,14494; 28,5614; 
16; 4,83973; 1,15416; 29,0143; 
17; 4,82981; 1,16332; 29,4553; 
18; 4,81989; 1,17243; 29,8849; 
19; 4,80998; 1,18149; 30,3035; 
20; 4,80008; 1,1905; 30,7115; 
21; 4,79019; 1,19946; 31,1092; 
22; 4,78031; 1,20837; 31,4969; 
23; 4,77044; 1,21722; 31,8751; 
24; 4,76058; 1,22603; 32,2439; 
25; 4,75073; 1,23479; 32,6038; 
26; 4,74089; 1,24349; 32,955; 
27; 4,73107; 1,25215; 33,2977; 
28; 4,72125; 1,26076; 33,6323; 
29; 4,71144; 1,26932; 33,959; 
30; 4,70164; 1,27783; 34,278; 
31; 4,69186; 1,28629; 34,5896; 
32; 4,68208; 1,29471; 34,894; 
33; 4,67231; 1,30308; 35,1914; 
34; 4,66256; 1,3114; 35,482; 
35; 4,65281; 1,31968; 35,7661; 
36; 4,64307; 1,32791; 36,0438; 
37; 4,63335; 1,3361; 36,3153; 
38; 4,62363; 1,34424; 36,5808; 
39; 4,61393; 1,35233; 36,8405; 
40; 4,60423; 1,36038; 37,0945; 
41; 4,59455; 1,36838; 37,3429; 
42; 4,58487; 1,37634; 37,586; 
43; 4,57521; 1,38426; 37,8239; 
44; 4,56555; 1,39213; 38,0568; 
45; 4,55591; 1,39996; 38,2846; 
46; 4,54627; 1,40775; 38,5077; 
47; 4,53665; 1,41549; 38,7262; 
48; 4,52704; 1,42319; 38,9401; 
49; 4,51743; 1,43085; 39,1495; 
50; 4,50784; 1,43846; 39,3547; 
51; 4,49826; 1,44604; 39,5556; 
52; 4,48868; 1,45357; 39,7525; 
53; 4,47912; 1,46106; 39,9454; 
54; 4,46957; 1,46851; 40,1344; 
55; 4,46003; 1,47592; 40,3196; 
56; 4,45049; 1,48329; 40,5011; 
57; 4,44097; 1,49061; 40,679; 
58; 4,43146; 1,4979; 40,8535; 
59; 4,42196; 1,50515; 41,0245; 
60; 4,41247; 1,51236; 41,1921; 
61; 4,40299; 1,51953; 41,3565; 
62; 4,39351; 1,52666; 41,5178; 
63; 4,38405; 1,53375; 41,6759; 
64; 4,3746; 1,5408; 41,831; 
65; 4,36516; 1,54781; 41,9831; 
66; 4,35573; 1,55479; 42,1324; 
67; 4,34631; 1,56173; 42,2788; 
68; 4,3369; 1,56862; 42,4225; 
69; 4,3275; 1,57549; 42,5634; 
70; 4,31811; 1,58231; 42,7018; 
71; 4,30873; 1,5891; 42,8375; 
72; 4,29936; 1,59585; 42,9708; 
73; 4,29001; 1,60256; 43,1016; 
74; 4,28066; 1,60924; 43,23; 
75; 4,27132; 1,61588; 43,356; 
76; 4,26199; 1,62248; 43,4797; 
77; 4,25267; 1,62905; 43,6012; 
78; 4,24336; 1,63558; 43,7205; 
79; 4,23407; 1,64207; 43,8376; 
80; 4,22478; 1,64853; 43,9526; 
81; 4,2155; 1,65496; 44,0656; 
82; 4,20624; 1,66135; 44,1765; 
83; 4,19698; 1,66771; 44,2855; 
84; 4,18773; 1,67403; 44,3925; 
85; 4,1785; 1,68031; 44,4976; 
86; 4,16927; 1,68656; 44,6009; 
87; 4,16005; 1,69278; 44,7024; 
88; 4,15085; 1,69896; 44,802; 
89; 4,14165; 1,70511; 44,9; 
90; 4,13247; 1,71123; 44,9962; 
91; 4,12329; 1,71731; 45,0907; 
92; 4,11413; 1,72336; 45,1836; 
93; 4,10497; 1,72938; 45,2749; 
94; 4,09583; 1,73536; 45,3646; 
95; 4,08669; 1,74131; 45,4527; 
96; 4,07757; 1,74723; 45,5393; 
97; 4,06845; 1,75311; 45,6245; 
98; 4,05935; 1,75896; 45,7082; 
99; 4,05026; 1,76478; 45,7904; 
100; 4,04117; 1,77057; 45,8712; 
101; 4,0321; 1,77633; 45,9507; 
102; 4,02304; 1,78205; 46,0288; 
103; 4,01398; 1,78774; 46,1056; 
104; 4,00494; 1,79341; 46,1811; 
105; 3,99591; 1,79904; 46,2553; 
106; 3,98688; 1,80464; 46,3282; 
107; 3,97787; 1,8102; 46,3999; 
108; 3,96887; 1,81574; 46,4704; 
109; 3,95988; 1,82125; 46,5397; 
110; 3,9509; 1,82672; 46,6079; 
111; 3,94193; 1,83217; 46,6749; 
112; 3,93297; 1,83758; 46,7408; 
113; 3,92401; 1,84297; 46,8055; 
114; 3,91507; 1,84833; 46,8692; 
115; 3,90614; 1,85365; 46,9318; 
116; 3,89722; 1,85895; 46,9934; 
117; 3,88831; 1,86421; 47,0539; 
118; 3,87941; 1,86945; 47,1134; 
119; 3,87052; 1,87466; 47,172; 
120; 3,86164; 1,87984; 47,2295; 
121; 3,85277; 1,88498; 47,2861; 
122; 3,84391; 1,89011; 47,3417; 
123; 3,83507; 1,8952; 47,3964; 
124; 3,82623; 1,90026; 47,4502; 
125; 3,8174; 1,90529; 47,5031; 
126; 3,80858; 1,9103; 47,5552; 
127; 3,79977; 1,91528; 47,6063; 
128; 3,79097; 1,92023; 47,6566; 
129; 3,78219; 1,92515; 47,706; 
130; 3,77341; 1,93004; 47,7547; 
131; 3,76464; 1,93491; 47,8025; 
132; 3,75588; 1,93975; 47,8495; 
133; 3,74714; 1,94456; 47,8957; 
134; 3,7384; 1,94934; 47,9411; 
135; 3,72967; 1,9541; 47,9858; 
136; 3,72096; 1,95883; 48,0297; 
137; 3,71225; 1,96353; 48,0729; 
138; 3,70355; 1,9682; 48,1154; 
139; 3,69487; 1,97285; 48,1571; 
140; 3,68619; 1,97747; 48,1982; 
141; 3,67753; 1,98207; 48,2385; 
142; 3,66887; 1,98664; 48,2782; 
143; 3,66023; 1,99118; 48,3172; 
144; 3,65159; 1,9957; 48,3555; 
145; 3,64297; 2,00019; 48,3932; 
146; 3,63435; 2,00465; 48,4302; 
147; 3,62575; 2,00909; 48,4666; 
148; 3,61716; 2,0135; 48,5023; 
149; 3,60857; 2,01789; 48,5375; 
150; 3,6; 2,02225; 48,572; 
151; 3,59143; 2,02658; 48,606; 
152; 3,58288; 2,03089; 48,6394; 
153; 3,57434; 2,03518; 48,6721; 
154; 3,5658; 2,03944; 48,7043; 
155; 3,55728; 2,04367; 48,736; 
156; 3,54877; 2,04788; 48,7671; 
157; 3,54027; 2,05206; 48,7976; 
158; 3,53178; 2,05622; 48,8276; 
159; 3,52329; 2,06036; 48,8571; 
160; 3,51482; 2,06447; 48,8861; 
161; 3,50636; 2,06856; 48,9145; 
162; 3,49791; 2,07262; 48,9424; 
163; 3,48947; 2,07666; 48,9699; 
164; 3,48104; 2,08067; 48,9968; 
165; 3,47262; 2,08466; 49,0232; 
166; 3,46421; 2,08862; 49,0492; 
167; 3,45581; 2,09256; 49,0747; 
168; 3,44742; 2,09648; 49,0997; 
169; 3,43904; 2,10038; 49,1242; 
170; 3,43067; 2,10425; 49,1483; 
171; 3,42231; 2,10809; 49,172; 
172; 3,41396; 2,11192; 49,1952; 
173; 3,40562; 2,11572; 49,2179; 
174; 3,39729; 2,11949; 49,2403; 
175; 3,38897; 2,12325; 49,2622; 
176; 3,38066; 2,12698; 49,2836; 
177; 3,37236; 2,13069; 49,3047; 
178; 3,36408; 2,13437; 49,3254; 
179; 3,3558; 2,13803; 49,3456; 
180; 3,34753; 2,14167; 49,3655; 
181; 3,33927; 2,14529; 49,3849; 
182; 3,33102; 2,14888; 49,404; 
183; 3,32279; 2,15246; 49,4227; 
184; 3,31456; 2,15601; 49,441; 
185; 3,30634; 2,15953; 49,4589; 
186; 3,29814; 2,16304; 49,4765; 
187; 3,28994; 2,16652; 49,4937; 
188; 3,28175; 2,16998; 49,5105; 
189; 3,27358; 2,17342; 49,527; 
190; 3,26541; 2,17684; 49,5431; 
191; 3,25726; 2,18024; 49,5589; 
192; 3,24911; 2,18361; 49,5743; 
193; 3,24098; 2,18696; 49,5894; 
194; 3,23285; 2,19029; 49,6042; 
195; 3,22474; 2,1936; 49,6186; 
196; 3,21663; 2,19689; 49,6327; 
197; 3,20854; 2,20016; 49,6465; 
198; 3,20045; 2,2034; 49,66; 
199; 3,19238; 2,20663; 49,6731; 
200; 3,18432; 2,20983; 49,6859; 
201; 3,17626; 2,21301; 49,6985; 
202; 3,16822; 2,21618; 49,7107; 
203; 3,16019; 2,21932; 49,7226; 
204; 3,15216; 2,22244; 49,7342; 
205; 3,14415; 2,22554; 49,7456; 
206; 3,13615; 2,22862; 49,7566; 
207; 3,12816; 2,23168; 49,7673; 
208; 3,12017; 2,23471; 49,7778; 
209; 3,1122; 2,23773; 49,788; 
210; 3,10424; 2,24073; 49,7979; 
211; 3,09629; 2,24371; 49,8076; 
212; 3,08835; 2,24666; 49,8169; 
213; 3,08041; 2,2496; 49,826; 
214; 3,07249; 2,25252; 49,8348; 
215; 3,06458; 2,25542; 49,8434; 
216; 3,05668; 2,2583; 49,8517; 
217; 3,04879; 2,26115; 49,8598; 
218; 3,04091; 2,26399; 49,8676; 
219; 3,03304; 2,26681; 49,8751; 
220; 3,02518; 2,26961; 49,8824; 
221; 3,01733; 2,27239; 49,8895; 
222; 3,00949; 2,27515; 49,8963; 
223; 3,00166; 2,27789; 49,9029; 
224; 2,99384; 2,28061; 49,9092; 
225; 2,98604; 2,28332; 49,9153; 
226; 2,97824; 2,286; 49,9212; 
227; 2,97045; 2,28866; 49,9268; 
228; 2,96267; 2,29131; 49,9322; 
229; 2,9549; 2,29394; 49,9374; 
230; 2,94714; 2,29654; 49,9423; 
231; 2,9394; 2,29913; 49,9471; 
232; 2,93166; 2,3017; 49,9516; 
233; 2,92393; 2,30426; 49,9559; 
234; 2,91621; 2,30679; 49,96; 
235; 2,90851; 2,3093; 49,9639; 
236; 2,90081; 2,3118; 49,9675; 
237; 2,89312; 2,31428; 49,971; 
238; 2,88545; 2,31674; 49,9743; 
239; 2,87778; 2,31918; 49,9773; 
240; 2,87013; 2,3216; 49,9802; 
241; 2,86248; 2,32401; 49,9828; 
242; 2,85485; 2,32639; 49,9853; 
243; 2,84722; 2,32876; 49,9875; 
244; 2,8396; 2,33111; 49,9896; 
245; 2,832; 2,33345; 49,9914; 
246; 2,82441; 2,33576; 49,9931; 
247; 2,81682; 2,33806; 49,9946; 
248; 2,80925; 2,34034; 49,9959; 
249; 2,80168; 2,3426; 49,997; 
250; 2,79413; 2,34485; 49,998; 
251; 2,78658; 2,34707; 49,9987; 
252; 2,77905; 2,34928; 49,9993; 
253; 2,77153; 2,35148; 49,9997; 
254; 2,76401; 2,35365; 49,9999; 
255; 2,75651; 2,35581; 50; 
256; 2,74902; 2,35795; 49,9999; 
257; 2,74154; 2,36007; 49,9996; 
258; 2,73406; 2,36218; 49,9991; 
259; 2,7266; 2,36427; 49,9985; 
260; 2,71915; 2,36634; 49,9977; 
261; 2,71171; 2,3684; 49,9967; 
262; 2,70428; 2,37043; 49,9956; 
263; 2,69686; 2,37246; 49,9943; 
264; 2,68944; 2,37446; 49,9929; 
265; 2,68204; 2,37645; 49,9912; 
266; 2,67465; 2,37842; 49,9895; 
267; 2,66727; 2,38038; 49,9876; 
268; 2,6599; 2,38232; 49,9855; 
269; 2,65254; 2,38424; 49,9832; 
270; 2,64519; 2,38614; 49,9809; 
271; 2,63785; 2,38803; 49,9783; 
272; 2,63052; 2,38991; 49,9756; 
273; 2,6232; 2,39176; 49,9728; 
274; 2,61589; 2,39361; 49,9698; 
275; 2,60859; 2,39543; 49,9667; 
276; 2,60131; 2,39724; 49,9634; 
277; 2,59403; 2,39903; 49,96; 
278; 2,58676; 2,40081; 49,9564; 
279; 2,5795; 2,40257; 49,9527; 
280; 2,57225; 2,40431; 49,9489; 
281; 2,56501; 2,40604; 49,9449; 
282; 2,55779; 2,40776; 49,9408; 
283; 2,55057; 2,40945; 49,9365; 
284; 2,54336; 2,41114; 49,9322; 
285; 2,53616; 2,4128; 49,9276; 
286; 2,52898; 2,41445; 49,923; 
287; 2,5218; 2,41609; 49,9182; 
288; 2,51464; 2,41771; 49,9133; 
289; 2,50748; 2,41931; 49,9082; 
290; 2,50033; 2,4209; 49,903; 
291; 2,4932; 2,42248; 49,8977; 
292; 2,48607; 2,42404; 49,8923; 
293; 2,47896; 2,42558; 49,8867; 
294; 2,47185; 2,42711; 49,881; 
295; 2,46476; 2,42862; 49,8752; 
296; 2,45767; 2,43012; 49,8693; 
297; 2,4506; 2,4316; 49,8632; 
298; 2,44353; 2,43307; 49,857; 
299; 2,43648; 2,43453; 49,8507; 
300; 2,42943; 2,43596; 49,8443; 
301; 2,4224; 2,43739; 49,8378; 
302; 2,41538; 2,4388; 49,8311; 
303; 2,40836; 2,44019; 49,8243; 
304; 2,40136; 2,44157; 49,8174; 
305; 2,39437; 2,44294; 49,8104; 
306; 2,38738; 2,44429; 49,8033; 
307; 2,38041; 2,44563; 49,7961; 
308; 2,37345; 2,44695; 49,7887; 
309; 2,3665; 2,44825; 49,7813; 
310; 2,35955; 2,44955; 49,7737; 
311; 2,35262; 2,45083; 49,766; 
312; 2,3457; 2,45209; 49,7582; 
313; 2,33879; 2,45334; 49,7503; 
314; 2,33189; 2,45458; 49,7423; 
315; 2,325; 2,4558; 49,7342; 
316; 2,31812; 2,45701; 49,726; 
317; 2,31124; 2,4582; 49,7176; 
318; 2,30438; 2,45938; 49,7092; 
319; 2,29753; 2,46055; 49,7006; 
320; 2,29069; 2,4617; 49,692; 
321; 2,28386; 2,46284; 49,6832; 
322; 2,27704; 2,46396; 49,6744; 
323; 2,27023; 2,46507; 49,6654; 
324; 2,26343; 2,46617; 49,6564; 
325; 2,25665; 2,46725; 49,6472; 
326; 2,24987; 2,46832; 49,638; 
327; 2,2431; 2,46938; 49,6286; 
328; 2,23634; 2,47042; 49,6192; 
329; 2,22959; 2,47145; 49,6096; 
330; 2,22285; 2,47247; 49,5999; 
331; 2,21613; 2,47347; 49,5902; 
332; 2,20941; 2,47446; 49,5804; 
333; 2,2027; 2,47543; 49,5704; 
334; 2,196; 2,4764; 49,5604; 
335; 2,18932; 2,47735; 49,5502; 
336; 2,18264; 2,47828; 49,54; 
337; 2,17597; 2,4792; 49,5297; 
338; 2,16931; 2,48011; 49,5193; 
339; 2,16267; 2,48101; 49,5088; 
340; 2,15603; 2,48189; 49,4982; 
341; 2,14941; 2,48276; 49,4875; 
342; 2,14279; 2,48362; 49,4767; 
343; 2,13618; 2,48447; 49,4659; 
344; 2,12959; 2,4853; 49,4549; 
345; 2,123; 2,48612; 49,4438; 
346; 2,11643; 2,48692; 49,4327; 
347; 2,10986; 2,48772; 49,4215; 
348; 2,10331; 2,4885; 49,4102; 
349; 2,09677; 2,48927; 49,3988; 
350; 2,09023; 2,49002; 49,3873; 
351; 2,08371; 2,49077; 49,3757; 
352; 2,07719; 2,4915; 49,3641; 
353; 2,07069; 2,49221; 49,3523; 
354; 2,0642; 2,49292; 49,3405; 
355; 2,05771; 2,49361; 49,3286; 
356; 2,05124; 2,49429; 49,3166; 
357; 2,04478; 2,49496; 49,3045; 
358; 2,03832; 2,49562; 49,2923; 
359; 2,03188; 2,49626; 49,2801; 
360; 2,02545; 2,49689; 49,2678; 
361; 2,01903; 2,49751; 49,2553; 
362; 2,01262; 2,49812; 49,2429; 
363; 2,00621; 2,49872; 49,2303; 
364; 1,99982; 2,4993; 49,2176; 
365; 1,99344; 2,49987; 49,2049; 
366; 1,98707; 2,50043; 49,1921; 
367; 1,98071; 2,50098; 49,1792; 
368; 1,97436; 2,50151; 49,1662; 
369; 1,96802; 2,50204; 49,1532; 
370; 1,96169; 2,50255; 49,14; 
371; 1,95537; 2,50305; 49,1268; 
372; 1,94906; 2,50354; 49,1135; 
373; 1,94276; 2,50401; 49,1002; 
374; 1,93647; 2,50448; 49,0867; 
375; 1,93019; 2,50493; 49,0732; 
376; 1,92392; 2,50537; 49,0596; 
377; 1,91766; 2,5058; 49,046; 
378; 1,91141; 2,50622; 49,0322; 
379; 1,90518; 2,50663; 49,0184; 
380; 1,89895; 2,50702; 49,0045; 
381; 1,89273; 2,50741; 48,9905; 
382; 1,88652; 2,50778; 48,9765; 
383; 1,88032; 2,50814; 48,9624; 
384; 1,87414; 2,50849; 48,9482; 
385; 1,86796; 2,50883; 48,9339; 
386; 1,86179; 2,50915; 48,9196; 
387; 1,85563; 2,50947; 48,9052; 
388; 1,84949; 2,50978; 48,8907; 
389; 1,84335; 2,51007; 48,8762; 
390; 1,83722; 2,51035; 48,8615; 
391; 1,83111; 2,51062; 48,8469; 
392; 1,825; 2,51088; 48,8321; 
393; 1,81891; 2,51113; 48,8173; 
394; 1,81282; 2,51137; 48,8023; 
395; 1,80675; 2,5116; 48,7874; 
396; 1,80068; 2,51182; 48,7723; 
397; 1,79463; 2,51202; 48,7572; 
398; 1,78858; 2,51222; 48,742; 
399; 1,78255; 2,5124; 48,7268; 
400; 1,77652; 2,51258; 48,7114; 
401; 1,77051; 2,51274; 48,696; 
402; 1,7645; 2,51289; 48,6806; 
403; 1,75851; 2,51303; 48,6651; 
404; 1,75253; 2,51316; 48,6495; 
405; 1,74655; 2,51328; 48,6338; 
406; 1,74059; 2,51339; 48,6181; 
407; 1,73464; 2,51349; 48,6023; 
408; 1,7287; 2,51358; 48,5864; 
409; 1,72276; 2,51366; 48,5705; 
410; 1,71684; 2,51373; 48,5545; 
411; 1,71093; 2,51378; 48,5384; 
412; 1,70503; 2,51383; 48,5223; 
413; 1,69913; 2,51387; 48,5061; 
414; 1,69325; 2,51389; 48,4898; 
415; 1,68738; 2,51391; 48,4735; 
416; 1,68152; 2,51392; 48,4571; 
417; 1,67567; 2,51391; 48,4406; 
418; 1,66983; 2,5139; 48,4241; 
419; 1,664; 2,51387; 48,4075; 
420; 1,65818; 2,51384; 48,3909; 
421; 1,65237; 2,51379; 48,3742; 
422; 1,64657; 2,51374; 48,3574; 
423; 1,64078; 2,51367; 48,3405; 
424; 1,635; 2,5136; 48,3236; 
425; 1,62923; 2,51351; 48,3067; 
426; 1,62347; 2,51342; 48,2896; 
427; 1,61772; 2,51331; 48,2725; 
428; 1,61198; 2,5132; 48,2554; 
429; 1,60625; 2,51308; 48,2382; 
430; 1,60053; 2,51294; 48,2209; 
431; 1,59483; 2,5128; 48,2035; 
432; 1,58913; 2,51264; 48,1861; 
433; 1,58344; 2,51248; 48,1686; 
434; 1,57776; 2,51231; 48,1511; 
435; 1,57209; 2,51213; 48,1335; 
436; 1,56644; 2,51193; 48,1159; 
437; 1,56079; 2,51173; 48,0982; 
438; 1,55515; 2,51152; 48,0804; 
439; 1,54953; 2,5113; 48,0625; 
440; 1,54391; 2,51107; 48,0446; 
441; 1,5383; 2,51083; 48,0267; 
442; 1,53271; 2,51058; 48,0087; 
443; 1,52712; 2,51032; 47,9906; 
444; 1,52155; 2,51005; 47,9724; 
445; 1,51598; 2,50978; 47,9542; 
446; 1,51043; 2,50949; 47,936; 
447; 1,50488; 2,50919; 47,9177; 
448; 1,49935; 2,50889; 47,8993; 
449; 1,49382; 2,50858; 47,8808; 
450; 1,48831; 2,50825; 47,8623; 
451; 1,4828; 2,50792; 47,8438; 
452; 1,47731; 2,50758; 47,8252; 
453; 1,47182; 2,50723; 47,8065; 
454; 1,46635; 2,50687; 47,7878; 
455; 1,46089; 2,5065; 47,769; 
456; 1,45543; 2,50612; 47,7501; 
457; 1,44999; 2,50573; 47,7312; 
458; 1,44456; 2,50534; 47,7122; 
459; 1,43914; 2,50493; 47,6932; 
460; 1,43372; 2,50452; 47,6741; 
461; 1,42832; 2,5041; 47,655; 
462; 1,42293; 2,50366; 47,6358; 
463; 1,41755; 2,50322; 47,6165; 
464; 1,41218; 2,50277; 47,5972; 
465; 1,40681; 2,50232; 47,5779; 
466; 1,40146; 2,50185; 47,5584; 
467; 1,39612; 2,50137; 47,5389; 
468; 1,39079; 2,50089; 47,5194; 
469; 1,38547; 2,5004; 47,4998; 
470; 1,38016; 2,4999; 47,4801; 
471; 1,37486; 2,49939; 47,4604; 
472; 1,36957; 2,49887; 47,4406; 
473; 1,36429; 2,49834; 47,4208; 
474; 1,35902; 2,49781; 47,4009; 
475; 1,35376; 2,49726; 47,381; 
476; 1,34851; 2,49671; 47,361; 
477; 1,34327; 2,49615; 47,3409; 
478; 1,33804; 2,49558; 47,3208; 
479; 1,33282; 2,495; 47,3007; 
480; 1,32761; 2,49442; 47,2804; 
481; 1,32242; 2,49382; 47,2602; 
482; 1,31723; 2,49322; 47,2398; 
483; 1,31205; 2,49261; 47,2194; 
484; 1,30688; 2,49199; 47,199; 
485; 1,30172; 2,49136; 47,1785; 
486; 1,29658; 2,49072; 47,1579; 
487; 1,29144; 2,49008; 47,1373; 
488; 1,28631; 2,48943; 47,1166; 
489; 1,2812; 2,48877; 47,0959; 
490; 1,27609; 2,4881; 47,0751; 
491; 1,27099; 2,48742; 47,0543; 
492; 1,26591; 2,48674; 47,0334; 
493; 1,26083; 2,48605; 47,0125; 
494; 1,25577; 2,48535; 46,9915; 
495; 1,25071; 2,48464; 46,9704; 
496; 1,24566; 2,48392; 46,9493; 
497; 1,24063; 2,4832; 46,9281; 
498; 1,2356; 2,48247; 46,9069; 
499; 1,23059; 2,48173; 46,8856; 
500; 1,22558; 2,48098; 46,8643; 
501; 1,22059; 2,48022; 46,8429; 
502; 1,21561; 2,47946; 46,8215; 
503; 1,21063; 2,47869; 46,8; 
504; 1,20567; 2,47791; 46,7784; 
505; 1,20071; 2,47712; 46,7568; 
506; 1,19577; 2,47633; 46,7352; 
507; 1,19084; 2,47553; 46,7135; 
508; 1,18591; 2,47472; 46,6917; 
509; 1,181; 2,4739; 46,6699; 
510; 1,1761; 2,47308; 46,648; 
511; 1,17121; 2,47224; 46,6261; 
512; 1,16632; 2,47141; 46,6041; 
513; 1,16145; 2,47056; 46,5821; 
514; 1,15659; 2,4697; 46,56; 
515; 1,15174; 2,46884; 46,5378; 
516; 1,1469; 2,46797; 46,5156; 
517; 1,14207; 2,46709; 46,4934; 
518; 1,13725; 2,46621; 46,4711; 
519; 1,13243; 2,46532; 46,4487; 
520; 1,12763; 2,46442; 46,4263; 
521; 1,12284; 2,46351; 46,4038; 
522; 1,11806; 2,4626; 46,3813; 
523; 1,11329; 2,46168; 46,3588; 
524; 1,10853; 2,46075; 46,3361; 
525; 1,10378; 2,45981; 46,3134; 
526; 1,09904; 2,45887; 46,2907; 
527; 1,09431; 2,45792; 46,2679; 
528; 1,0896; 2,45696; 46,2451; 
529; 1,08489; 2,456; 46,2222; 
530; 1,08019; 2,45503; 46,1992; 
531; 1,0755; 2,45405; 46,1762; 
532; 1,07082; 2,45306; 46,1532; 
533; 1,06615; 2,45207; 46,1301; 
534; 1,06149; 2,45107; 46,1069; 
535; 1,05685; 2,45007; 46,0837; 
536; 1,05221; 2,44905; 46,0604; 
537; 1,04758; 2,44803; 46,0371; 
538; 1,04297; 2,447; 46,0137; 
539; 1,03836; 2,44597; 45,9903; 
540; 1,03376; 2,44493; 45,9668; 
541; 1,02918; 2,44388; 45,9432; 
542; 1,0246; 2,44283; 45,9197; 
543; 1,02003; 2,44176; 45,896; 
544; 1,01548; 2,44069; 45,8723; 
545; 1,01093; 2,43962; 45,8486; 
546; 1,0064; 2,43854; 45,8248; 
547; 1,00187; 2,43745; 45,8009; 
548; 0,997355; 2,43635; 45,777; 
549; 0,99285; 2,43525; 45,753; 
550; 0,988355; 2,43414; 45,729; 
551; 0,983871; 2,43303; 45,7049; 
552; 0,979396; 2,43191; 45,6808; 
553; 0,974932; 2,43078; 45,6566; 
554; 0,970478; 2,42964; 45,6324; 
555; 0,966034; 2,4285; 45,6081; 
556; 0,961601; 2,42735; 45,5838; 
557; 0,957177; 2,4262; 45,5594; 
558; 0,952764; 2,42504; 45,5349; 
559; 0,948361; 2,42387; 45,5104; 
560; 0,943969; 2,42269; 45,4859; 
561; 0,939586; 2,42151; 45,4613; 
562; 0,935214; 2,42033; 45,4366; 
563; 0,930851; 2,41913; 45,4119; 
564; 0,926499; 2,41793; 45,3871; 
565; 0,922158; 2,41673; 45,3623; 
566; 0,917826; 2,41552; 45,3375; 
567; 0,913505; 2,4143; 45,3125; 
568; 0,909193; 2,41307; 45,2876; 
569; 0,904892; 2,41184; 45,2625; 
570; 0,900602; 2,4106; 45,2374; 
571; 0,896321; 2,40936; 45,2123; 
572; 0,892051; 2,40811; 45,1871; 
573; 0,88779; 2,40685; 45,1619; 
574; 0,88354; 2,40559; 45,1366; 
575; 0,8793; 2,40432; 45,1112; 
576; 0,875071; 2,40305; 45,0858; 
577; 0,870851; 2,40177; 45,0603; 
578; 0,866642; 2,40048; 45,0348; 
579; 0,862443; 2,39919; 45,0093; 
580; 0,858254; 2,39789; 44,9836; 
581; 0,854076; 2,39659; 44,958; 
582; 0,849907; 2,39528; 44,9322; 
583; 0,845749; 2,39396; 44,9065; 
584; 0,841601; 2,39264; 44,8806; 
585; 0,837463; 2,39131; 44,8547; 
586; 0,833335; 2,38998; 44,8288; 
587; 0,829218; 2,38864; 44,8028; 
588; 0,825111; 2,38729; 44,7767; 
589; 0,821014; 2,38594; 44,7506; 
590; 0,816927; 2,38458; 44,7245; 
591; 0,81285; 2,38322; 44,6983; 
592; 0,808784; 2,38185; 44,672; 
593; 0,804727; 2,38048; 44,6457; 
594; 0,800681; 2,3791; 44,6193; 
595; 0,796645; 2,37771; 44,5929; 
596; 0,79262; 2,37632; 44,5664; 
597; 0,788604; 2,37492; 44,5399; 
598; 0,784599; 2,37352; 44,5133; 
599; 0,780604; 2,37211; 44,4866; 
600; 0,776619; 2,37069; 44,4599; 
601; 0,772644; 2,36927; 44,4332; 
602; 0,76868; 2,36785; 44,4064; 
603; 0,764726; 2,36642; 44,3795; 
604; 0,760781; 2,36498; 44,3526; 
605; 0,756847; 2,36354; 44,3256; 
606; 0,752924; 2,36209; 44,2986; 
607; 0,74901; 2,36064; 44,2715; 
608; 0,745107; 2,35918; 44,2444; 
609; 0,741214; 2,35771; 44,2172; 
610; 0,737331; 2,35624; 44,1899; 
611; 0,733458; 2,35477; 44,1627; 
612; 0,729596; 2,35329; 44,1353; 
613; 0,725743; 2,3518; 44,1079; 
614; 0,721901; 2,35031; 44,0804; 
615; 0,718069; 2,34882; 44,0529; 
616; 0,714248; 2,34731; 44,0253; 
617; 0,710436; 2,34581; 43,9977; 
618; 0,706635; 2,3443; 43,97; 
619; 0,702844; 2,34278; 43,9423; 
620; 0,699063; 2,34126; 43,9145; 
621; 0,695292; 2,33973; 43,8867; 
622; 0,691531; 2,33819; 43,8588; 
623; 0,687781; 2,33666; 43,8308; 
624; 0,684041; 2,33511; 43,8028; 
625; 0,680311; 2,33356; 43,7747; 
626; 0,676591; 2,33201; 43,7466; 
627; 0,672881; 2,33045; 43,7184; 
628; 0,669182; 2,32889; 43,6902; 
629; 0,665493; 2,32732; 43,6619; 
630; 0,661814; 2,32575; 43,6335; 
631; 0,658145; 2,32417; 43,6051; 
632; 0,654487; 2,32258; 43,5767; 
633; 0,650838; 2,32099; 43,5482; 
634; 0,6472; 2,3194; 43,5196; 
635; 0,643572; 2,3178; 43,491; 
636; 0,639954; 2,3162; 43,4623; 
637; 0,636347; 2,31459; 43,4336; 
638; 0,632749; 2,31297; 43,4048; 
639; 0,629162; 2,31136; 43,3759; 
640; 0,625585; 2,30973; 43,347; 
641; 0,622018; 2,3081; 43,318; 
642; 0,618462; 2,30647; 43,289; 
643; 0,614915; 2,30483; 43,2599; 
644; 0,611379; 2,30319; 43,2308; 
645; 0,607853; 2,30154; 43,2016; 
646; 0,604337; 2,29989; 43,1724; 
647; 0,600832; 2,29823; 43,1431; 
648; 0,597336; 2,29657; 43,1137; 
649; 0,593851; 2,2949; 43,0843; 
650; 0,590376; 2,29323; 43,0548; 
651; 0,586911; 2,29156; 43,0253; 
652; 0,583456; 2,28988; 42,9957; 
653; 0,580012; 2,28819; 42,9661; 
654; 0,576578; 2,2865; 42,9364; 
655; 0,573154; 2,28481; 42,9066; 
656; 0,56974; 2,28311; 42,8768; 
657; 0,566336; 2,28141; 42,8469; 
658; 0,562943; 2,2797; 42,817; 
659; 0,559559; 2,27798; 42,787; 
660; 0,556186; 2,27627; 42,757; 
661; 0,552824; 2,27455; 42,7269; 
662; 0,549471; 2,27282; 42,6967; 
663; 0,546128; 2,27109; 42,6665; 
664; 0,542796; 2,26935; 42,6362; 
665; 0,539474; 2,26762; 42,6059; 
666; 0,536162; 2,26587; 42,5755; 
667; 0,532861; 2,26412; 42,545; 
668; 0,529569; 2,26237; 42,5145; 
669; 0,526288; 2,26061; 42,4839; 
670; 0,523017; 2,25885; 42,4533; 
671; 0,519756; 2,25709; 42,4226; 
672; 0,516505; 2,25532; 42,3919; 
673; 0,513265; 2,25354; 42,3611; 
674; 0,510034; 2,25176; 42,3302; 
675; 0,506814; 2,24998; 42,2993; 
676; 0,503604; 2,24819; 42,2683; 
677; 0,500405; 2,2464; 42,2373; 
678; 0,497215; 2,24461; 42,2062; 
679; 0,494036; 2,24281; 42,175; 
680; 0,490867; 2,241; 42,1438; 
681; 0,487708; 2,2392; 42,1126; 
682; 0,484559; 2,23738; 42,0812; 
683; 0,481421; 2,23557; 42,0498; 
684; 0,478292; 2,23375; 42,0184; 
685; 0,475174; 2,23192; 41,9869; 
686; 0,472066; 2,23009; 41,9553; 
687; 0,468968; 2,22826; 41,9236; 
688; 0,465881; 2,22642; 41,892; 
689; 0,462804; 2,22458; 41,8602; 
690; 0,459736; 2,22274; 41,8284; 
691; 0,45668; 2,22089; 41,7965; 
692; 0,453633; 2,21904; 41,7646; 
693; 0,450596; 2,21718; 41,7326; 
694; 0,44757; 2,21532; 41,7005; 
695; 0,444554; 2,21346; 41,6684; 
696; 0,441548; 2,21159; 41,6362; 
697; 0,438552; 2,20971; 41,604; 
698; 0,435566; 2,20784; 41,5717; 
699; 0,432591; 2,20596; 41,5393; 
700; 0,429626; 2,20407; 41,5069; 
701; 0,426671; 2,20219; 41,4744; 
702; 0,423726; 2,20029; 41,4419; 
703; 0,420792; 2,1984; 41,4093; 
704; 0,417867; 2,1965; 41,3766; 
705; 0,414953; 2,1946; 41,3439; 
706; 0,412049; 2,19269; 41,3111; 
707; 0,409155; 2,19078; 41,2782; 
708; 0,406272; 2,18886; 41,2453; 
709; 0,403398; 2,18695; 41,2124; 
710; 0,400535; 2,18502; 41,1793; 
711; 0,397682; 2,1831; 41,1462; 
712; 0,394839; 2,18117; 41,1131; 
713; 0,392007; 2,17924; 41,0798; 
714; 0,389184; 2,1773; 41,0465; 
715; 0,386372; 2,17536; 41,0132; 
716; 0,38357; 2,17342; 40,9798; 
717; 0,380778; 2,17147; 40,9463; 
718; 0,377997; 2,16952; 40,9128; 
719; 0,375225; 2,16756; 40,8791; 
720; 0,372464; 2,1656; 40,8455; 
721; 0,369713; 2,16364; 40,8117; 
722; 0,366972; 2,16168; 40,778; 
723; 0,364241; 2,15971; 40,7441; 
724; 0,361521; 2,15774; 40,7102; 
725; 0,358811; 2,15576; 40,6762; 
726; 0,356111; 2,15378; 40,6421; 
727; 0,353421; 2,1518; 40,608; 
728; 0,350741; 2,14981; 40,5738; 
729; 0,348072; 2,14782; 40,5396; 
730; 0,345413; 2,14583; 40,5053; 
731; 0,342764; 2,14384; 40,4709; 
732; 0,340125; 2,14184; 40,4365; 
733; 0,337496; 2,13983; 40,402; 
734; 0,334878; 2,13783; 40,3674; 
735; 0,332269; 2,13582; 40,3328; 
736; 0,329671; 2,1338; 40,2981; 
737; 0,327083; 2,13179; 40,2633; 
738; 0,324506; 2,12977; 40,2285; 
739; 0,321938; 2,12775; 40,1936; 
740; 0,319381; 2,12572; 40,1587; 
741; 0,316834; 2,12369; 40,1236; 
742; 0,314297; 2,12166; 40,0885; 
743; 0,31177; 2,11962; 40,0534; 
744; 0,309254; 2,11758; 40,0182; 
745; 0,306748; 2,11554; 39,9829; 
746; 0,304251; 2,1135; 39,9475; 
747; 0,301766; 2,11145; 39,9121; 
748; 0,29929; 2,1094; 39,8766; 
749; 0,296824; 2,10734; 39,841; 
750; 0,294369; 2,10528; 39,8054; 
751; 0,291924; 2,10322; 39,7697; 
752; 0,289489; 2,10116; 39,734; 
753; 0,287064; 2,09909; 39,6981; 
754; 0,28465; 2,09702; 39,6623; 
755; 0,282245; 2,09495; 39,6263; 
756; 0,279851; 2,09287; 39,5903; 
757; 0,277467; 2,09079; 39,5542; 
758; 0,275094; 2,08871; 39,518; 
759; 0,27273; 2,08662; 39,4818; 
760; 0,270377; 2,08454; 39,4455; 
761; 0,268034; 2,08245; 39,4091; 
762; 0,265701; 2,08035; 39,3727; 
763; 0,263378; 2,07825; 39,3362; 
764; 0,261065; 2,07615; 39,2996; 
765; 0,258763; 2,07405; 39,2629; 
766; 0,256471; 2,07195; 39,2262; 
767; 0,254189; 2,06984; 39,1894; 
768; 0,251917; 2,06773; 39,1526; 
769; 0,249656; 2,06561; 39,1157; 
770; 0,247404; 2,06349; 39,0787; 
771; 0,245163; 2,06137; 39,0416; 
772; 0,242932; 2,05925; 39,0045; 
773; 0,240711; 2,05713; 38,9673; 
774; 0,238501; 2,055; 38,93; 
775; 0,236301; 2,05287; 38,8927; 
776; 0,23411; 2,05073; 38,8553; 
777; 0,23193; 2,0486; 38,8178; 
778; 0,229761; 2,04646; 38,7802; 
779; 0,227601; 2,04431; 38,7426; 
780; 0,225452; 2,04217; 38,7049; 
781; 0,223312; 2,04002; 38,6671; 
782; 0,221183; 2,03787; 38,6293; 
783; 0,219065; 2,03572; 38,5914; 
784; 0,216956; 2,03356; 38,5534; 
785; 0,214858; 2,03141; 38,5153; 
786; 0,212769; 2,02924; 38,4772; 
787; 0,210691; 2,02708; 38,439; 
788; 0,208624; 2,02492; 38,4007; 
789; 0,206566; 2,02275; 38,3624; 
790; 0,204519; 2,02058; 38,324; 
791; 0,202481; 2,0184; 38,2855; 
792; 0,200454; 2,01623; 38,2469; 
793; 0,198438; 2,01405; 38,2083; 
794; 0,196431; 2,01187; 38,1696; 
795; 0,194434; 2,00968; 38,1308; 
796; 0,192448; 2,0075; 38,0919; 
797; 0,190472; 2,00531; 38,053; 
798; 0,188506; 2,00312; 38,014; 
799; 0,186551; 2,00092; 37,9749; 
800; 0,184605; 1,99873; 37,9357; 
801; 0,18267; 1,99653; 37,8965; 
802; 0,180745; 1,99433; 37,8572; 
803; 0,17883; 1,99212; 37,8178; 
804; 0,176926; 1,98992; 37,7784; 
805; 0,175031; 1,98771; 37,7388; 
806; 0,173147; 1,9855; 37,6992; 
807; 0,171273; 1,98329; 37,6596; 
808; 0,169409; 1,98107; 37,6198; 
809; 0,167555; 1,97885; 37,58; 
810; 0,165712; 1,97663; 37,5401; 
811; 0,163878; 1,97441; 37,5001; 
812; 0,162055; 1,97219; 37,46; 
813; 0,160243; 1,96996; 37,4199; 
814; 0,15844; 1,96773; 37,3797; 
815; 0,156647; 1,9655; 37,3394; 
816; 0,154865; 1,96327; 37,299; 
817; 0,153093; 1,96103; 37,2586; 
818; 0,151331; 1,95879; 37,218; 
819; 0,149579; 1,95655; 37,1774; 
820; 0,147838; 1,95431; 37,1368; 
821; 0,146107; 1,95207; 37,096; 
822; 0,144385; 1,94982; 37,0552; 
823; 0,142675; 1,94757; 37,0142; 
824; 0,140974; 1,94532; 36,9733; 
825; 0,139283; 1,94307; 36,9322; 
826; 0,137603; 1,94081; 36,891; 
827; 0,135933; 1,93856; 36,8498; 
828; 0,134273; 1,9363; 36,8085; 
829; 0,132623; 1,93404; 36,7671; 
830; 0,130984; 1,93177; 36,7256; 
831; 0,129354; 1,92951; 36,6841; 
832; 0,127735; 1,92724; 36,6425; 
833; 0,126126; 1,92497; 36,6008; 
834; 0,124528; 1,9227; 36,559; 
835; 0,122939; 1,92043; 36,5171; 
836; 0,121361; 1,91815; 36,4752; 
837; 0,119793; 1,91587; 36,4331; 
838; 0,118235; 1,91359; 36,391; 
839; 0,116687; 1,91131; 36,3488; 
840; 0,115149; 1,90903; 36,3065; 
841; 0,113622; 1,90674; 36,2642; 
842; 0,112105; 1,90446; 36,2217; 
843; 0,110598; 1,90217; 36,1792; 
844; 0,109101; 1,89988; 36,1366; 
845; 0,107615; 1,89758; 36,0939; 
846; 0,106138; 1,89529; 36,0512; 
847; 0,104672; 1,89299; 36,0083; 
848; 0,103216; 1,89069; 35,9654; 
849; 0,10177; 1,88839; 35,9224; 
850; 0,100335; 1,88609; 35,8793; 
851; 0,0989093; 1,88379; 35,8361; 
852; 0,0974941; 1,88148; 35,7928; 
853; 0,0960891; 1,87917; 35,7494; 
854; 0,0946943; 1,87687; 35,706; 
855; 0,0933098; 1,87455; 35,6625; 
856; 0,0919354; 1,87224; 35,6189; 
857; 0,0905712; 1,86993; 35,5752; 
858; 0,0892172; 1,86761; 35,5314; 
859; 0,0878734; 1,86529; 35,4875; 
860; 0,0865397; 1,86297; 35,4436; 
861; 0,0852163; 1,86065; 35,3996; 
862; 0,0839031; 1,85833; 35,3554; 
863; 0,0826001; 1,856; 35,3112; 
864; 0,0813073; 1,85368; 35,2669; 
865; 0,0800247; 1,85135; 35,2225; 
866; 0,0787522; 1,84902; 35,1781; 
867; 0,07749; 1,84669; 35,1335; 
868; 0,076238; 1,84436; 35,0889; 
869; 0,0749962; 1,84202; 35,0441; 
870; 0,0737645; 1,83968; 34,9993; 
871; 0,0725431; 1,83735; 34,9544; 
872; 0,0713318; 1,83501; 34,9094; 
873; 0,0701308; 1,83267; 34,8643; 
874; 0,06894; 1,83032; 34,8192; 
875; 0,0677593; 1,82798; 34,7739; 
876; 0,0665889; 1,82563; 34,7286; 
877; 0,0654286; 1,82329; 34,6831; 
878; 0,0642785; 1,82094; 34,6376; 
879; 0,0631387; 1,81859; 34,592; 
880; 0,062009; 1,81624; 34,5463; 
881; 0,0608896; 1,81388; 34,5005; 
882; 0,0597803; 1,81153; 34,4546; 
883; 0,0586812; 1,80917; 34,4086; 
884; 0,0575923; 1,80682; 34,3625; 
885; 0,0565137; 1,80446; 34,3164; 
886; 0,0554452; 1,8021; 34,2701; 
887; 0,0543869; 1,79974; 34,2238; 
888; 0,0533388; 1,79737; 34,1773; 
889; 0,0523009; 1,79501; 34,1308; 
890; 0,0512733; 1,79264; 34,0842; 
891; 0,0502558; 1,79028; 34,0374; 
892; 0,0492485; 1,78791; 33,9906; 
893; 0,0482514; 1,78554; 33,9437; 
894; 0,0472645; 1,78317; 33,8967; 
895; 0,0462878; 1,7808; 33,8496; 
896; 0,0453213; 1,77842; 33,8025; 
897; 0,0443649; 1,77605; 33,7552; 
898; 0,0434188; 1,77367; 33,7078; 
899; 0,0424829; 1,77129; 33,6603; 
900; 0,0415572; 1,76891; 33,6128; 
901; 0,0406417; 1,76653; 33,5651; 
902; 0,0397364; 1,76415; 33,5174; 
903; 0,0388412; 1,76177; 33,4695; 
904; 0,0379563; 1,75939; 33,4216; 
905; 0,0370816; 1,757; 33,3735; 
906; 0,036217; 1,75462; 33,3254; 
907; 0,0353627; 1,75223; 33,2772; 
908; 0,0345186; 1,74984; 33,2288; 
909; 0,0336846; 1,74745; 33,1804; 
910; 0,0328609; 1,74506; 33,1319; 
911; 0,0320473; 1,74267; 33,0833; 
912; 0,031244; 1,74027; 33,0345; 
913; 0,0304508; 1,73788; 32,9857; 
914; 0,0296679; 1,73548; 32,9368; 
915; 0,0288951; 1,73309; 32,8878; 
916; 0,0281326; 1,73069; 32,8387; 
917; 0,0273802; 1,72829; 32,7895; 
918; 0,026638; 1,72589; 32,7401; 
919; 0,0259061; 1,72349; 32,6907; 
920; 0,0251843; 1,72109; 32,6412; 
921; 0,0244727; 1,71869; 32,5916; 
922; 0,0237713; 1,71628; 32,5419; 
923; 0,0230802; 1,71388; 32,4921; 
924; 0,0223992; 1,71147; 32,4422; 
925; 0,0217284; 1,70906; 32,3921; 
926; 0,0210678; 1,70666; 32,342; 
927; 0,0204174; 1,70425; 32,2918; 
928; 0,0197772; 1,70184; 32,2415; 
929; 0,0191472; 1,69943; 32,191; 
930; 0,0185274; 1,69702; 32,1405; 
931; 0,0179178; 1,6946; 32,0899; 
932; 0,0173184; 1,69219; 32,0391; 
933; 0,0167292; 1,68977; 31,9883; 
934; 0,0161502; 1,68736; 31,9374; 
935; 0,0155814; 1,68494; 31,8863; 
936; 0,0150228; 1,68253; 31,8352; 
937; 0,0144743; 1,68011; 31,7839; 
938; 0,0139361; 1,67769; 31,7325; 
939; 0,0134081; 1,67527; 31,6811; 
940; 0,0128903; 1,67285; 31,6295; 
941; 0,0123826; 1,67043; 31,5778; 
942; 0,0118852; 1,668; 31,526; 
943; 0,011398; 1,66558; 31,4741; 
944; 0,0109209; 1,66316; 31,4221; 
945; 0,0104541; 1,66073; 31,37; 
946; 0,00999745; 1,65831; 31,3178; 
947; 0,009551; 1,65588; 31,2655; 
948; 0,00911475; 1,65345; 31,213; 
949; 0,0086887; 1,65103; 31,1605; 
950; 0,00827284; 1,6486; 31,1078; 
951; 0,00786719; 1,64617; 31,0551; 
952; 0,00747173; 1,64374; 31,0022; 
953; 0,00708646; 1,64131; 30,9492; 
954; 0,0067114; 1,63887; 30,8962; 
955; 0,00634653; 1,63644; 30,843; 
956; 0,00599186; 1,63401; 30,7896; 
957; 0,00564738; 1,63158; 30,7362; 
958; 0,00531311; 1,62914; 30,6827; 
959; 0,00498903; 1,62671; 30,629; 
960; 0,00467515; 1,62427; 30,5753; 
961; 0,00437146; 1,62184; 30,5214; 
962; 0,00407797; 1,6194; 30,4674; 
963; 0,00379468; 1,61696; 30,4134; 
964; 0,00352159; 1,61452; 30,3591; 
965; 0,00325869; 1,61208; 30,3048; 
966; 0,003006; 1,60964; 30,2504; 
967; 0,00276349; 1,6072; 30,1958; 
968; 0,00253119; 1,60476; 30,1412; 
969; 0,00230908; 1,60232; 30,0864; 
970; 0,00209717; 1,59988; 30,0315; 
971; 0,00189546; 1,59744; 29,9765; 
972; 0,00170395; 1,595; 29,9214; 
973; 0,00152263; 1,59255; 29,8661; 
974; 0,00135151; 1,59011; 29,8108; 
975; 0,00119058; 1,58767; 29,7553; 
976; 0,00103986; 1,58522; 29,6997; 
977; 0,000899329; 1,58278; 29,644; 
978; 0,000768998; 1,58033; 29,5882; 
979; 0,000648863; 1,57788; 29,5323; 
980; 0,000538926; 1,57544; 29,4762; 
981; 0,000439187; 1,57299; 29,42; 
982; 0,000349644; 1,57054; 29,3637; 
983; 0,000270299; 1,5681; 29,3073; 
984; 0,000201152; 1,56565; 29,2507; 
985; 0,000142202; 1,5632; 29,1941; 
986; 9,34504e-05; 1,56075; 29,1373; 
987; 5,48982e-05; 1,5583; 29,0804; 
988; 2,65507e-05; 1,55585; 29,0234; 
989; 1,00932e-05; 1,5534; 28,9662; 
990; 3,78496e-06; 1,55095; 28,9091; 
991; 1,41936e-06; 1,54851; 28,8521; 
992; 5,3226e-07; 1,54608; 28,7952; 
993; 1,99597e-07; 1,54365; 28,7385; 
994; 7,4849e-08; 1,54123; 28,6821; 
995; 2,80684e-08; 1,53882; 28,626; 
996; 1,05256e-08; 1,53642; 28,5701; 
997; 3,94712e-09; 1,53403; 28,5145; 
998; 1,48017e-09; 1,53165; 28,4591; 
999; 5,55063e-10; 1,52928; 28,404; 
1000; 2,08149e-10; 1,52692; 28,3492; 
1001; 7,80558e-11; 1,52457; 28,2947; 
1002; 2,92709e-11; 1,52223; 28,2404; 
1003; 1,09766e-11; 1,51989; 28,1864; 
1004; 4,11622e-12; 1,51757; 28,1327; 
1005; 1,54358e-12; 1,51525; 28,0792; 
1006; 5,78844e-13; 1,51295; 28,026; 
1007; 2,17066e-13; 1,51065; 27,9731; 
1008; 8,13999e-14; 1,50837; 27,9205; 
1009; 3,0525e-14; 1,50609; 27,8681; 
1010; 1,14469e-14; 1,50382; 27,816; 
1011; 4,29257e-15; 1,50156; 27,7642; 
1012; 1,60972e-15; 1,49932; 27,7126; 
1013; 6,03643e-16; 1,49708; 27,6613; 
1014; 2,26366e-16; 1,49484; 27,6102; 
1015; 8,48873e-17; 1,49262; 27,5594; 
1016; 3,18327e-17; 1,49041; 27,5089; 
1017; 1,19373e-17; 1,48821; 27,4587; 
1018; 4,47648e-18; 1,48601; 27,4087; 
1019; 1,67868e-18; 1,48383; 27,359; 
1020; 6,29505e-19; 1,48165; 27,3095; 
1021; 2,36064e-19; 1,47948; 27,2603; 
1022; 8,85241e-20; 1,47732; 27,2114; 
1023; 3,31966e-20; 1,47517; 27,1627; 
1024; 1,24487e-20; 1,47303; 27,1143; 
1025; 4,66827e-21; 1,4709; 27,0661; 
1026; 1,7506e-21; 1,46877; 27,0182; 
1027; 6,56475e-22; 1,46666; 26,9705; 
1028; 2,46178e-22; 1,46455; 26,9231; 
1029; 9,23168e-23; 1,46246; 26,876; 
1030; 3,46188e-23; 1,46037; 26,8291; 
1031; 1,2982e-23; 1,45829; 26,7824; 
1032; 4,86827e-24; 1,45622; 26,7361; 
1033; 1,8256e-24; 1,45415; 26,6899; 
1034; 6,846e-25; 1,4521; 26,6441; 
1035; 2,56725e-25; 1,45005; 26,5984; 
1036; 9,62719e-26; 1,44801; 26,553; 
1037; 3,6102e-26; 1,44598; 26,5079; 
1038; 1,35382e-26; 1,44396; 26,463; 
1039; 5,07684e-27; 1,44195; 26,4184; 
1040; 1,90381e-27; 1,43995; 26,374; 
1041; 7,1393e-28; 1,43795; 26,3299; 
1042; 2,67724e-28; 1,43597; 26,286; 
1043; 1,00396e-28; 1,43399; 26,2423; 
1044; 3,76487e-29; 1,43202; 26,1989; 
1045; 1,41183e-29; 1,43005; 26,1557; 
1046; 5,29434e-30; 1,4281; 26,1128; 
1047; 1,98538e-30; 1,42615; 26,0701; 
1048; 7,44517e-31; 1,42421; 26,0277; 
1049; 2,79194e-31; 1,42228; 25,9855; 
1050; 1,04698e-31; 1,42036; 25,9435; 
1051; 3,92616e-32; 1,41845; 25,9018; 
1052; 1,47231e-32; 1,41654; 25,8603; 
1053; 5,52117e-33; 1,41464; 25,8191; 
1054; 2,07044e-33; 1,41275; 25,778; 
1055; 7,76414e-34; 1,41087; 25,7373; 
1056; 2,91155e-34; 1,409; 25,6967; 
1057; 1,09183e-34; 1,40713; 25,6564; 
1058; 4,09437e-35; 1,40527; 25,6163; 
1059; 1,53539e-35; 1,40342; 25,5765; 
1060; 5,75771e-36; 1,40158; 25,5368; 
1061; 2,15914e-36; 1,39975; 25,4975; 
1062; 8,09678e-37; 1,39792; 25,4583; 
1063; 3,03629e-37; 1,3961; 25,4194; 
1064; 1,13861e-37; 1,39429; 25,3807; 
1065; 4,26979e-38; 1,39248; 25,3422; 
1066; 1,60117e-38; 1,39069; 25,3039; 
1067; 6,00439e-39; 1,3889; 25,2659; 
1068; 2,25165e-39; 1,38712; 25,2281; 
1069; 8,44367e-40; 1,38534; 25,1905; 
1070; 3,16638e-40; 1,38358; 25,1532; 
1071; 1,18739e-40; 1,38182; 25,116; 
1072; 4,45272e-41; 1,38007; 25,0791; 
1073; 1,66977e-41; 1,37832; 25,0424; 
1074; 6,26163e-42; 1,37659; 25,0059; 
1075; 2,34811e-42; 1,37486; 24,9697; 
1076; 8,80542e-43; 1,37314; 24,9337; 
1077; 3,30203e-43; 1,37142; 24,8978; 
1078; 1,23826e-43; 1,36971; 24,8622; 
1079; 4,64348e-44; 1,36801; 24,8268; 
1080; 1,74131e-44; 1,36632; 24,7917; 
1081; 6,5299e-45; 1,36464; 24,7567; 
1082; 2,44871e-45; 1,36296; 24,7219; 
1083; 9,18267e-46; 1,36129; 24,6874; 
1084; 3,4435e-46; 1,35962; 24,6531; 
1085; 1,29131e-46; 1,35797; 24,619; 
1086; 4,84242e-47; 1,35632; 24,585; 
1087; 1,81591e-47; 1,35467; 24,5513; 
1088; 6,80966e-48; 1,35304; 24,5179; 
1089; 2,55362e-48; 1,35141; 24,4846; 
1090; 9,57608e-49; 1,34979; 24,4515; 
1091; 3,59103e-49; 1,34817; 24,4186; 
1092; 1,34664e-49; 1,34657; 24,3859; 
1093; 5,04989e-50; 1,34497; 24,3535; 
1094; 1,89371e-50; 1,34337; 24,3212; 
1095; 7,10141e-51; 1,34178; 24,2891; 
1096; 2,66303e-51; 1,3402; 24,2573; 
1097; 9,98635e-52; 1,33863; 24,2256; 
1098; 3,74488e-52; 1,33706; 24,1941; 
1099; 1,40433e-52; 1,33551; 24,1629; 
1100; 5,26624e-53; 1,33395; 24,1318; 
1101; 1,97484e-53; 1,33241; 24,1009; 
1102; 7,40565e-54; 1,33087; 24,0702; 
1103; 2,77712e-54; 1,32933; 24,0397; 
1104; 1,04142e-54; 1,32781; 24,0095; 
1105; 3,90532e-55; 1,32629; 23,9794; 
1106; 1,4645e-55; 1,32477; 23,9494; 
1107; 5,49186e-56; 1,32327; 23,9197; 
1108; 2,05945e-56; 1,32177; 23,8902; 
1109; 7,72293e-57; 1,32027; 23,8609; 
1110; 2,8961e-57; 1,31879; 23,8317; 
1111; 1,08604e-57; 1,31731; 23,8028; 
1112; 4,07264e-58; 1,31583; 23,774; 
1113; 1,52724e-58; 1,31436; 23,7454; 
1114; 5,72715e-59; 1,3129; 23,717; 
1115; 2,14768e-59; 1,31145; 23,6888; 
1116; 8,0538e-60; 1,31; 23,6607; 
1117; 3,02018e-60; 1,30856; 23,6329; 
1118; 1,13257e-60; 1,30712; 23,6052; 
1119; 4,24712e-61; 1,30569; 23,5777; 
1120; 1,59267e-61; 1,30427; 23,5504; 
1121; 5,97252e-62; 1,30285; 23,5233; 
1122; 2,23969e-62; 1,30144; 23,4963; 
1123; 8,39885e-63; 1,30003; 23,4695; 
1124; 3,14957e-63; 1,29863; 23,4429; 
1125; 1,18109e-63; 1,29724; 23,4165; 
1126; 4,42908e-64; 1,29586; 23,3903; 
1127; 1,66091e-64; 1,29448; 23,3642; 
1128; 6,22839e-65; 1,2931; 23,3383; 
1129; 2,33565e-65; 1,29173; 23,3126; 
1130; 8,75868e-66; 1,29037; 23,287; 
1131; 3,28451e-66; 1,28901; 23,2616; 
1132; 1,23169e-66; 1,28766; 23,2364; 
1133; 4,61884e-67; 1,28632; 23,2113; 
1134; 1,73206e-67; 1,28498; 23,1865; 
1135; 6,49524e-68; 1,28365; 23,1618; 
1136; 2,43571e-68; 1,28232; 23,1372; 
1137; 9,13393e-69; 1,281; 23,1128; 
1138; 3,42522e-69; 1,27968; 23,0886; 
1139; 1,28446e-69; 1,27837; 23,0645; 
1140; 4,81672e-70; 1,27707; 23,0407; 
1141; 1,80627e-70; 1,27577; 23,0169; 
1142; 6,77351e-71; 1,27448; 22,9934; 
1143; 2,54007e-71; 1,27319; 22,97; 
1144; 9,52525e-72; 1,27191; 22,9467; 
1145; 3,57197e-72; 1,27064; 22,9236; 
1146; 1,33949e-72; 1,26937; 22,9007; 
1147; 5,02308e-73; 1,26811; 22,8779; 
1148; 1,88366e-73; 1,26685; 22,8553; 
1149; 7,06371e-74; 1,26559; 22,8328; 
1150; 2,64889e-74; 1,26435; 22,8105; 
1151; 9,93334e-75; 1,26311; 22,7884; 
1152; 3,725e-75; 1,26187; 22,7664; 
1153; 1,39688e-75; 1,26064; 22,7445; 
1154; 5,23828e-76; 1,25941; 22,7228; 
1155; 1,96436e-76; 1,25819; 22,7013; 
1156; 7,36634e-77; 1,25698; 22,6799; 
1157; 2,76238e-77; 1,25577; 22,6587; 
1158; 1,03589e-77; 1,25457; 22,6376; 
1159; 3,88459e-78; 1,25337; 22,6166; 
1160; 1,45672e-78; 1,25218; 22,5958; 
1161; 5,46271e-79; 1,25099; 22,5751; 
1162; 2,04852e-79; 1,24981; 22,5546; 
1163; 7,68193e-80; 1,24863; 22,5343; 
1164; 2,88072e-80; 1,24746; 22,514; 
1165; 1,08027e-80; 1,24629; 22,494; 
1166; 4,05102e-81; 1,24513; 22,474; 
1167; 1,51913e-81; 1,24398; 22,4542; 
1168; 5,69675e-82; 1,24283; 22,4346; 
1169; 2,13628e-82; 1,24168; 22,415; 
1170; 8,01105e-83; 1,24054; 22,3957; 
1171; 3,00414e-83; 1,2394; 22,3764; 
1172; 1,12655e-83; 1,23827; 22,3573; 
1173; 4,22458e-84; 1,23715; 22,3383; 
1174; 1,58422e-84; 1,23603; 22,3195; 
1175; 5,94081e-85; 1,23491; 22,3008; 
1176; 2,2278e-85; 1,2338; 22,2822; 
1177; 8,35427e-86; 1,2327; 22,2638; 
1178; 3,13285e-86; 1,2316; 22,2455; 
1179; 1,17482e-86; 1,2305; 22,2274; 
1180; 4,40557e-87; 1,22941; 22,2093; 
1181; 1,65209e-87; 1,22833; 22,1914; 
1182; 6,19533e-88; 1,22725; 22,1736; 
1183; 2,32325e-88; 1,22617; 22,156; 
1184; 8,71219e-89; 1,2251; 22,1385; 
1185; 3,26707e-89; 1,22403; 22,1211; 
1186; 1,22515e-89; 1,22297; 22,1038; 
1187; 4,59432e-90; 1,22192; 22,0867; 
1188; 1,72287e-90; 1,22086; 22,0697; 
1189; 6,46076e-91; 1,21982; 22,0528; 
1190; 2,42278e-91; 1,21878; 22,036; 
1191; 9,08544e-92; 1,21774; 22,0194; 
1192; 3,40704e-92; 1,2167; 22,0028; 
1193; 1,27764e-92; 1,21568; 21,9864; 
1194; 4,79115e-93; 1,21465; 21,9702; 
1195; 1,79668e-93; 1,21363; 21,954; 
1196; 6,73756e-94; 1,21262; 21,938; 
1197; 2,52658e-94; 1,21161; 21,922; 
1198; 9,47469e-95; 1,21061; 21,9062; 
1199; 3,55301e-95; 1,20961; 21,8905; 
1200; 1,33238e-95; 1,20861; 21,875; 
1201; 4,99642e-96; 1,20762; 21,8595; 
1202; 1,87366e-96; 1,20663; 21,8442; 
1203; 7,02621e-97; 1,20565; 21,8289; 
1204; 2,63483e-97; 1,20467; 21,8138; 
1205; 9,88061e-98; 1,2037; 21,7988; 
1206; 3,70523e-98; 1,20273; 21,7839; 
1207; 1,38946e-98; 1,20176; 21,7692; 
1208; 5,21048e-99; 1,2008; 21,7545; 
1209; 1,95393e-99; 1,19985; 21,7399; 
1210; 7,32723e-100; 1,1989; 21,7255; 
1211; 2,74771e-100; 1,19795; 21,7112; 
1212; 1,03039e-100; 1,19701; 21,6969; 
1213; 3,86397e-101; 1,19607; 21,6828; 
1214; 1,44899e-101; 1,19513; 21,6688; 
1215; 5,43371e-102; 1,1942; 21,6549; 
1216; 2,03764e-102; 1,19328; 21,6411; 
1217; 7,64115e-103; 1,19235; 21,6274; 
1218; 2,86543e-103; 1,19144; 21,6138; 
1219; 1,07454e-103; 1,19052; 21,6003; 
1220; 4,02951e-104; 1,18962; 21,5869; 
1221; 1,51107e-104; 1,18871; 21,5736; 
1222; 5,66651e-105; 1,18781; 21,5604; 
1223; 2,12494e-105; 1,18691; 21,5473; 
1224; 7,96852e-106; 1,18602; 21,5343; 
1225; 2,9882e-106; 1,18513; 21,5215; 
1226; 1,12057e-106; 1,18425; 21,5087; 
1227; 4,20215e-107; 1,18337; 21,496; 
1228; 1,57581e-107; 1,18249; 21,4834; 
1229; 5,90927e-108; 1,18162; 21,4709; 
1230; 2,21598e-108; 1,18075; 21,4585; 
1231; 8,30992e-109; 1,17989; 21,4462; 
1232; 3,11622e-109; 1,17903; 21,434; 
1233; 1,16858e-109; 1,17817; 21,4219; 
1234; 4,38218e-110; 1,17732; 21,4098; 
1235; 1,64332e-110; 1,17647; 21,3979; 
1236; 6,16244e-111; 1,17562; 21,3861; 
1237; 2,31092e-111; 1,17478; 21,3743; 
1238; 8,66594e-112; 1,17395; 21,3627; 
1239; 3,24973e-112; 1,17311; 21,3511; 
1240; 1,21865e-112; 1,17229; 21,3396; 
1241; 4,56993e-113; 1,17146; 21,3283; 
1242; 1,71372e-113; 1,17064; 21,317; 
1243; 6,42646e-114; 1,16982; 21,3058; 
1244; 2,40992e-114; 1,16901; 21,2946; 
1245; 9,03721e-115; 1,1682; 21,2836; 
1246; 3,38895e-115; 1,16739; 21,2727; 
1247; 1,27086e-115; 1,16659; 21,2618; 
1248; 4,76572e-116; 1,16579; 21,251; 
1249; 1,78714e-116; 1,16499; 21,2403; 
1250; 6,70179e-117; 1,1642; 21,2297; 
1251; 2,51317e-117; 1,16341; 21,2192; 
1252; 9,42439e-118; 1,16263; 21,2088; 
1253; 3,53415e-118; 1,16185; 21,1984; 
1254; 1,32531e-118; 1,16107; 21,1881; 
1255; 4,96989e-119; 1,1603; 21,178; 
1256; 1,86371e-119; 1,15953; 21,1678; 
1257; 6,98891e-120; 1,15876; 21,1578; 
1258; 2,62084e-120; 1,158; 21,1479; 
1259; 9,82816e-121; 1,15724; 21,138; 
1260; 3,68556e-121; 1,15648; 21,1282; 
1261; 1,38208e-121; 1,15573; 21,1185; 
1262; 5,18282e-122; 1,15498; 21,1088; 
1263; 1,94356e-122; 1,15424; 21,0993; 
1264; 7,28834e-123; 1,1535; 21,0898; 
1265; 2,73313e-123; 1,15276; 21,0804; 
1266; 1,02492e-123; 1,15202; 21,071; 
1267; 3,84346e-124; 1,15129; 21,0618; 
1268; 1,4413e-124; 1,15056; 21,0526; 
1269; 5,40487e-125; 1,14984; 21,0435; 
1270; 2,02682e-125; 1,14912; 21,0344; 
1271; 7,60059e-126; 1,1484; 21,0255; 
1272; 2,85022e-126; 1,14768; 21,0166; 
1273; 1,06883e-126; 1,14697; 21,0078; 
1274; 4,00812e-127; 1,14626; 20,999; 
1275; 1,50305e-127; 1,14556; 20,9903; 
1276; 5,63643e-128; 1,14486; 20,9817; 
1277; 2,11366e-128; 1,14416; 20,9732; 
1278; 7,92622e-129; 1,14347; 20,9647; 
1279; 2,97233e-129; 1,14277; 20,9563; 
1280; 1,11463e-129; 1,14209; 20,948; 
1281; 4,17984e-130; 1,1414; 20,9397; 
1282; 1,56744e-130; 1,14072; 20,9315; 
1283; 5,87791e-131; 1,14004; 20,9234; 
1284; 2,20421e-131; 1,13936; 20,9153; 
1285; 8,26581e-132; 1,13869; 20,9073; 
1286; 3,09968e-132; 1,13802; 20,8994; 
1287; 1,16238e-132; 1,13736; 20,8915; 
1288; 4,35892e-133; 1,13669; 20,8837; 
1289; 1,6346e-133; 1,13603; 20,876; 
1290; 6,12973e-134; 1,13538; 20,8683; 
1291; 2,29865e-134; 1,13472; 20,8607; 
1292; 8,61994e-135; 1,13407; 20,8531; 
1293; 3,23248e-135; 1,13342; 20,8456; 
1294; 1,21218e-135; 1,13278; 20,8382; 
1295; 4,54567e-136; 1,13214; 20,8308; 
1296; 1,70463e-136; 1,1315; 20,8235; 
1297; 6,39235e-137; 1,13086; 20,8163; 
1298; 2,39713e-137; 1,13023; 20,8091; 
1299; 8,98924e-138; 1,1296; 20,8019; 
1300; 3,37096e-138; 1,12897; 20,7949; 
1301; 1,26411e-138; 1,12835; 20,7879; 
1302; 4,74042e-139; 1,12773; 20,7809; 
1303; 1,77766e-139; 1,12711; 20,774; 
1304; 6,66621e-140; 1,1265; 20,7672; 
1305; 2,49983e-140; 1,12588; 20,7604; 
1306; 9,37436e-141; 1,12527; 20,7537; 
1307; 3,51539e-141; 1,12467; 20,747; 
1308; 1,31827e-141; 1,12406; 20,7404; 
1309; 4,94351e-142; 1,12346; 20,7338; 
1310; 1,85382e-142; 1,12287; 20,7273; 
1311; 6,95181e-143; 1,12227; 20,7209; 
1312; 2,60693e-143; 1,12168; 20,7145; 
1313; 9,77599e-144; 1,12109; 20,7081; 
1314; 3,666e-144; 1,1205; 20,7018; 
1315; 1,37475e-144; 1,11992; 20,6956; 
1316; 5,15531e-145; 1,11934; 20,6894; 
1317; 1,93324e-145; 1,11876; 20,6833; 
1318; 7,24965e-146; 1,11818; 20,6772; 
1319; 2,71862e-146; 1,11761; 20,6712; 
1320; 1,01948e-146; 1,11704; 20,6652; 
1321; 3,82306e-147; 1,11647; 20,6593; 
1322; 1,43365e-147; 1,11591; 20,6534; 
1323; 5,37617e-148; 1,11534; 20,6475; 
1324; 2,01607e-148; 1,11478; 20,6418; 
1325; 7,56025e-149; 1,11423; 20,636; 
1326; 2,83509e-149; 1,11367; 20,6304; 
1327; 1,06316e-149; 1,11312; 20,6247; 
1328; 3,98685e-150; 1,11257; 20,6191; 
1329; 1,49507e-150; 1,11203; 20,6136; 
1330; 5,60651e-151; 1,11148; 20,6081; 
1331; 2,10244e-151; 1,11094; 20,6026; 
1332; 7,88415e-152; 1,1104; 20,5972; 
1333; 2,95656e-152; 1,10986; 20,5919; 
1334; 1,10871e-152; 1,10933; 20,5866; 
1335; 4,15766e-153; 1,1088; 20,5813; 
1336; 1,55912e-153; 1,10827; 20,5761; 
1337; 5,8467e-154; 1,10774; 20,5709; 
1338; 2,19251e-154; 1,10722; 20,5658; 
1339; 8,22193e-155; 1,1067; 20,5607; 
1340; 3,08322e-155; 1,10618; 20,5556; 
1341; 1,15621e-155; 1,10567; 20,5506; 
1342; 4,33578e-156; 1,10515; 20,5457; 
1343; 1,62592e-156; 1,10464; 20,5408; 
1344; 6,09719e-157; 1,10413; 20,5359; 
1345; 2,28645e-157; 1,10362; 20,5311; 
1346; 8,57418e-158; 1,10312; 20,5263; 
1347; 3,21532e-158; 1,10262; 20,5215; 
1348; 1,20574e-158; 1,10212; 20,5168; 
1349; 4,52154e-159; 1,10162; 20,5121; 
1350; 1,69558e-159; 1,10113; 20,5075; 
1351; 6,35841e-160; 1,10064; 20,5029; 
1352; 2,38441e-160; 1,10015; 20,4984; 
1353; 8,94152e-161; 1,09966; 20,4939; 
1354; 3,35307e-161; 1,09917; 20,4894; 
1355; 1,2574e-161; 1,09869; 20,485; 
1356; 4,71525e-162; 1,09821; 20,4806; 
1357; 1,76822e-162; 1,09773; 20,4762; 
1358; 6,63083e-163; 1,09725; 20,4719; 
1359; 2,48656e-163; 1,09678; 20,4676; 
1360; 9,3246e-164; 1,09631; 20,4634; 
1361; 3,49673e-164; 1,09584; 20,4592; 
1362; 1,31127e-164; 1,09537; 20,455; 
1363; 4,91727e-165; 1,09491; 20,4508; 
1364; 1,84398e-165; 1,09444; 20,4467; 
1365; 6,91491e-166; 1,09398; 20,4427; 
1366; 2,59309e-166; 1,09353; 20,4387; 
1367; 9,72409e-167; 1,09307; 20,4347; 
1368; 3,64654e-167; 1,09262; 20,4307; 
1369; 1,36745e-167; 1,09216; 20,4268; 
1370; 5,12794e-168; 1,09171; 20,4229; 
1371; 1,92298e-168; 1,09127; 20,419; 
1372; 7,21117e-169; 1,09082; 20,4152; 
1373; 2,70419e-169; 1,09038; 20,4114; 
1374; 1,01407e-169; 1,08994; 20,4077; 
1375; 3,80276e-170; 1,0895; 20,4039; 
1376; 1,42604e-170; 1,08906; 20,4002; 
1377; 5,34764e-171; 1,08863; 20,3966; 
1378; 2,00536e-171; 1,08819; 20,393; 
1379; 7,52011e-172; 1,08776; 20,3894; 
1380; 2,82004e-172; 1,08734; 20,3858; 
1381; 1,05752e-172; 1,08691; 20,3823; 
1382; 3,96568e-173; 1,08648; 20,3788; 
1383; 1,48713e-173; 1,08606; 20,3753; 
1384; 5,57674e-174; 1,08564; 20,3719; 
1385; 2,09128e-174; 1,08522; 20,3684; 
1386; 7,8423e-175; 1,08481; 20,3651; 
1387; 2,94086e-175; 1,08439; 20,3617; 
1388; 1,10282e-175; 1,08398; 20,3584; 
1389; 4,13559e-176; 1,08357; 20,3551; 
1390; 1,55084e-176; 1,08316; 20,3518; 
1391; 5,81567e-177; 1,08275; 20,3486; 
1392; 2,18088e-177; 1,08235; 20,3454; 
1393; 8,17828e-178; 1,08195; 20,3422; 
1394; 3,06686e-178; 1,08155; 20,3391; 
1395; 1,15007e-178; 1,08115; 20,336; 
1396; 4,31277e-179; 1,08075; 20,3329; 
1397; 1,61729e-179; 1,08036; 20,3298; 
1398; 6,06483e-180; 1,07996; 20,3268; 
1399; 2,27431e-180; 1,07957; 20,3237; 
1400; 8,52866e-181; 1,07918; 20,3208; 
1401; 3,19825e-181; 1,0788; 20,3178; 
1402; 1,19934e-181; 1,07841; 20,3149; 
1403; 4,49754e-182; 1,07803; 20,312; 
1404; 1,68658e-182; 1,07764; 20,3091; 
1405; 6,32466e-183; 1,07726; 20,3062; 
1406; 2,37175e-183; 1,07689; 20,3034; 
1407; 8,89406e-184; 1,07651; 20,3006; 
1408; 3,33527e-184; 1,07613; 20,2978; 
1409; 1,25073e-184; 1,07576; 20,2951; 
1410; 4,69022e-185; 1,07539; 20,2923; 
1411; 1,75883e-185; 1,07502; 20,2896; 
1412; 6,59563e-186; 1,07465; 20,2869; 
1413; 2,47336e-186; 1,07429; 20,2843; 
1414; 9,2751e-187; 1,07392; 20,2816; 
1415; 3,47816e-187; 1,07356; 20,279; 
1416; 1,30431e-187; 1,0732; 20,2764; 
1417; 4,89117e-188; 1,07284; 20,2739; 
1418; 1,83419e-188; 1,07249; 20,2713; 
1419; 6,8782e-189; 1,07213; 20,2688; 
1420; 2,57933e-189; 1,07178; 20,2663; 
1421; 9,67247e-190; 1,07143; 20,2638; 
1422; 3,62718e-190; 1,07108; 20,2614; 
1423; 1,36019e-190; 1,07073; 20,259; 
1424; 5,10072e-191; 1,07038; 20,2566; 
1425; 1,91277e-191; 1,07004; 20,2542; 
1426; 7,17289e-192; 1,06969; 20,2518; 
1427; 2,68983e-192; 1,06935; 20,2495; 
1428; 1,00869e-192; 1,06901; 20,2471; 
1429; 3,78258e-193; 1,06867; 20,2448; 
1430; 1,41847e-193; 1,06834; 20,2426; 
1431; 5,31925e-194; 1,068; 20,2403; 
1432; 1,99472e-194; 1,06767; 20,2381; 
1433; 7,48019e-195; 1,06733; 20,2358; 
1434; 2,80507e-195; 1,067; 20,2336; 
1435; 1,0519e-195; 1,06668; 20,2315; 
1436; 3,94463e-196; 1,06635; 20,2293; 
1437; 1,47924e-196; 1,06602; 20,2272; 
1438; 5,54714e-197; 1,0657; 20,225; 
1439; 2,08018e-197; 1,06538; 20,2229; 
1440; 7,80067e-198; 1,06506; 20,2209; 
1441; 2,92525e-198; 1,06474; 20,2188; 
1442; 1,09697e-198; 1,06442; 20,2167; 
1443; 4,11363e-199; 1,0641; 20,2147; 
1444; 1,54261e-199; 1,06379; 20,2127; 
1445; 5,7848e-200; 1,06347; 20,2107; 
1446; 2,1693e-200; 1,06316; 20,2087; 
1447; 8,13487e-201; 1,06285; 20,2068; 
1448; 3,05058e-201; 1,06254; 20,2049; 
1449; 1,14397e-201; 1,06224; 20,2029; 
1450; 4,28987e-202; 1,06193; 20,201; 
1451; 1,6087e-202; 1,06163; 20,1991; 
1452; 6,03263e-203; 1,06132; 20,1973; 
1453; 2,26224e-203; 1,06102; 20,1954; 
1454; 8,48339e-204; 1,06072; 20,1936; 
1455; 3,18127e-204; 1,06042; 20,1918; 
1456; 1,19298e-204; 1,06013; 20,19; 
1457; 4,47366e-205; 1,05983; 20,1882; 
1458; 1,67762e-205; 1,05954; 20,1864; 
1459; 6,29109e-206; 1,05924; 20,1847; 
1460; 2,35916e-206; 1,05895; 20,1829; 
1461; 8,84684e-207; 1,05866; 20,1812; 
1462; 3,31757e-207; 1,05837; 20,1795; 
1463; 1,24409e-207; 1,05809; 20,1778; 
1464; 4,66533e-208; 1,0578; 20,1762; 
1465; 1,7495e-208; 1,05752; 20,1745; 
1466; 6,56062e-209; 1,05723; 20,1729; 
1467; 2,46023e-209; 1,05695; 20,1712; 
1468; 9,22587e-210; 1,05667; 20,1696; 
1469; 3,4597e-210; 1,05639; 20,168; 
1470; 1,29739e-210; 1,05612; 20,1664; 
1471; 4,8652e-211; 1,05584; 20,1649; 
1472; 1,82445e-211; 1,05557; 20,1633; 
1473; 6,84169e-212; 1,05529; 20,1618; 
1474; 2,56563e-212; 1,05502; 20,1602; 
1475; 9,62113e-213; 1,05475; 20,1587; 
1476; 3,60792e-213; 1,05448; 20,1572; 
1477; 1,35297e-213; 1,05421; 20,1558; 
1478; 5,07364e-214; 1,05395; 20,1543; 
1479; 1,90262e-214; 1,05368; 20,1528; 
1480; 7,13481e-215; 1,05342; 20,1514; 
1481; 2,67555e-215; 1,05315; 20,15; 
1482; 1,00333e-215; 1,05289; 20,1485; 
1483; 3,7625e-216; 1,05263; 20,1471; 
1484; 1,41094e-216; 1,05237; 20,1457; 
1485; 5,29101e-217; 1,05211; 20,1444; 
1486; 1,98413e-217; 1,05186; 20,143; 
1487; 7,44049e-218; 1,0516; 20,1416; 
1488; 2,79018e-218; 1,05135; 20,1403; 
1489; 1,04632e-218; 1,05109; 20,139; 
1490; 3,92369e-219; 1,05084; 20,1377; 
1491; 1,47138e-219; 1,05059; 20,1364; 
1492; 5,51769e-220; 1,05034; 20,1351; 
1493; 2,06914e-220; 1,0501; 20,1338; 
1494; 7,75926e-221; 1,04985; 20,1325; 
1495; 2,90972e-221; 1,0496; 20,1313; 
1496; 1,09115e-221; 1,04936; 20,13; 
1497; 4,0918e-222; 1,04912; 20,1288; 
1498; 1,53442e-222; 1,04887; 20,1276; 
1499; 5,75409e-223; 1,04863; 20,1263; 
1500; 2,15778e-223; 1,04839; 20,1251; 
1501; 8,09169e-224; 1,04815; 20,124; 
1502; 3,03438e-224; 1,04792; 20,1228; 
1503; 1,13789e-224; 1,04768; 20,1216; 
1504; 4,2671e-225; 1,04745; 20,1205; 
1505; 1,60016e-225; 1,04721; 20,1193; 
1506; 6,00061e-226; 1,04698; 20,1182; 
1507; 2,25023e-226; 1,04675; 20,1171; 
1508; 8,43836e-227; 1,04652; 20,1159; 
1509; 3,16438e-227; 1,04629; 20,1148; 
1510; 1,18664e-227; 1,04606; 20,1137; 
1511; 4,44991e-228; 1,04583; 20,1127; 
1512; 1,66872e-228; 1,04561; 20,1116; 
1513; 6,25769e-229; 1,04538; 20,1105; 
1514; 2,34663e-229; 1,04516; 20,1095; 
1515; 8,79988e-230; 1,04493; 20,1084; 
1516; 3,29995e-230; 1,04471; 20,1074; 
1517; 1,23748e-230; 1,04449; 20,1064; 
1518; 4,64056e-231; 1,04427; 20,1054; 
1519; 1,74021e-231; 1,04405; 20,1044; 
1520; 6,52579e-232; 1,04384; 20,1034; 
1521; 2,44717e-232; 1,04362; 20,1024; 
1522; 9,17689e-233; 1,04341; 20,1014; 
1523; 3,44133e-233; 1,04319; 20,1004; 
1524; 1,2905e-233; 1,04298; 20,0995; 
1525; 4,83938e-234; 1,04277; 20,0985; 
1526; 1,81477e-234; 1,04256; 20,0976; 
1527; 6,80537e-235; 1,04235; 20,0967; 
1528; 2,55202e-235; 1,04214; 20,0957; 
1529; 9,57006e-236; 1,04193; 20,0948; 
1530; 3,58877e-236; 1,04172; 20,0939; 
1531; 1,34579e-236; 1,04152; 20,093; 
1532; 5,04671e-237; 1,04131; 20,0921; 
1533; 1,89252e-237; 1,04111; 20,0912; 
1534; 7,09694e-238; 1,0409; 20,0904; 
1535; 2,66135e-238; 1,0407; 20,0895; 
1536; 9,98007e-239; 1,0405; 20,0887; 
1537; 3,74252e-239; 1,0403; 20,0878; 
1538; 1,40345e-239; 1,0401; 20,087; 
1539; 5,26292e-240; 1,0399; 20,0861; 
1540; 1,9736e-240; 1,03971; 20,0853; 
1541; 7,40099e-241; 1,03951; 20,0845; 
1542; 2,77537e-241; 1,03932; 20,0837; 
1543; 1,04076e-241; 1,03912; 20,0829; 
1544; 3,90286e-242; 1,03893; 20,0821; 
1545; 1,46357e-242; 1,03874; 20,0813; 
1546; 5,4884e-243; 1,03854; 20,0805; 
1547; 2,05815e-243; 1,03835; 20,0798; 
1548; 7,71807e-244; 1,03816; 20,079; 
1549; 2,89428e-244; 1,03798; 20,0782; 
1550; 1,08535e-244; 1,03779; 20,0775; 
1551; 4,07007e-245; 1,0376; 20,0767; 
1552; 1,52628e-245; 1,03742; 20,076; 
1553; 5,72354e-246; 1,03723; 20,0753; 
1554; 2,14633e-246; 1,03705; 20,0746; 
1555; 8,04873e-247; 1,03686; 20,0738; 
1556; 3,01827e-247; 1,03668; 20,0731; 
1557; 1,13185e-247; 1,0365; 20,0724; 
1558; 4,24445e-248; 1,03632; 20,0717; 
1559; 1,59167e-248; 1,03614; 20,071; 
1560; 5,96876e-249; 1,03596; 20,0704; 
1561; 2,23828e-249; 1,03578; 20,0697; 
1562; 8,39356e-250; 1,03561; 20,069; 
1563; 3,14759e-250; 1,03543; 20,0683; 
1564; 1,18034e-250; 1,03526; 20,0677; 
1565; 4,42629e-251; 1,03508; 20,067; 
1566; 1,65986e-251; 1,03491; 20,0664; 
1567; 6,22447e-252; 1,03474; 20,0658; 
1568; 2,33418e-252; 1,03456; 20,0651; 
1569; 8,75317e-253; 1,03439; 20,0645; 
1570; 3,28244e-253; 1,03422; 20,0639; 
1571; 1,23091e-253; 1,03405; 20,0633; 
1572; 4,61593e-254; 1,03388; 20,0627; 
1573; 1,73097e-254; 1,03372; 20,0621; 
1574; 6,49115e-255; 1,03355; 20,0615; 
1575; 2,43418e-255; 1,03338; 20,0609; 
1576; 9,12818e-256; 1,03322; 20,0603; 
1577; 3,42307e-256; 1,03305; 20,0597; 
1578; 1,28365e-256; 1,03289; 20,0591; 
1579; 4,81369e-257; 1,03273; 20,0586; 
1580; 1,80513e-257; 1,03257; 20,058; 
1581; 6,76925e-258; 1,03241; 20,0574; 
1582; 2,53847e-258; 1,03225; 20,0569; 
1583; 9,51925e-259; 1,03209; 20,0563; 
1584; 3,56972e-259; 1,03193; 20,0558; 
1585; 1,33865e-259; 1,03177; 20,0552; 
1586; 5,01992e-260; 1,03161; 20,0547; 
1587; 1,88247e-260; 1,03146; 20,0542; 
1588; 7,05926e-261; 1,0313; 20,0537; 
1589; 2,64722e-261; 1,03114; 20,0531; 
1590; 9,92709e-262; 1,03099; 20,0526; 
1591; 3,72266e-262; 1,03084; 20,0521; 
1592; 1,396e-262; 1,03068; 20,0516; 
1593; 5,23499e-263; 1,03053; 20,0511; 
1594; 1,96312e-263; 1,03038; 20,0506; 
1595; 7,3617e-264; 1,03023; 20,0501; 
1596; 2,76064e-264; 1,03008; 20,0497; 
1597; 1,03524e-264; 1,02993; 20,0492; 
1598; 3,88215e-265; 1,02978; 20,0487; 
1599; 1,45581e-265; 1,02964; 20,0482; 
1600; 5,45927e-266; 1,02949; 20,0478; 
1601; 2,04723e-266; 1,02934; 20,0473; 
1602; 7,6771e-267; 1,0292; 20,0468; 
1603; 2,87891e-267; 1,02905; 20,0464; 
1604; 1,07959e-267; 1,02891; 20,0459; 
1605; 4,04847e-268; 1,02877; 20,0455; 
1606; 1,51818e-268; 1,02863; 20,0451; 
1607; 5,69316e-269; 1,02848; 20,0446; 
1608; 2,13493e-269; 1,02834; 20,0442; 
1609; 8,00601e-270; 1,0282; 20,0438; 
1610; 3,00225e-270; 1,02806; 20,0433; 
1611; 1,12584e-270; 1,02792; 20,0429; 
1612; 4,22192e-271; 1,02778; 20,0425; 
1613; 1,58322e-271; 1,02765; 20,0421; 
1614; 5,93707e-272; 1,02751; 20,0417; 
1615; 2,2264e-272; 1,02737; 20,0413; 
1616; 8,34901e-273; 1,02724; 20,0409; 
1617; 3,13088e-273; 1,0271; 20,0405; 
1618; 1,17408e-273; 1,02697; 20,0401; 
1619; 4,4028e-274; 1,02684; 20,0397; 
1620; 1,65105e-274; 1,0267; 20,0393; 
1621; 6,19143e-275; 1,02657; 20,0389; 
1622; 2,32179e-275; 1,02644; 20,0386; 
1623; 8,7067e-276; 1,02631; 20,0382; 
1624; 3,26501e-276; 1,02618; 20,0378; 
1625; 1,22438e-276; 1,02605; 20,0374; 
1626; 4,59142e-277; 1,02592; 20,0371; 
1627; 1,72178e-277; 1,02579; 20,0367; 
1628; 6,45669e-278; 1,02566; 20,0364; 
1629; 2,42126e-278; 1,02554; 20,036; 
1630; 9,07972e-279; 1,02541; 20,0357; 
1631; 3,4049e-279; 1,02528; 20,0353; 
1632; 1,27684e-279; 1,02516; 20,035; 
1633; 4,78813e-280; 1,02503; 20,0346; 
1634; 1,79555e-280; 1,02491; 20,0343; 
1635; 6,73331e-281; 1,02479; 20,034; 
1636; 2,52499e-281; 1,02466; 20,0336; 
1637; 9,46872e-282; 1,02454; 20,0333; 
1638; 3,55077e-282; 1,02442; 20,033; 
1639; 1,33154e-282; 1,0243; 20,0327; 
1640; 4,99327e-283; 1,02418; 20,0324; 
1641; 1,87248e-283; 1,02406; 20,032; 
1642; 7,02179e-284; 1,02394; 20,0317; 
1643; 2,63317e-284; 1,02382; 20,0314; 
1644; 9,87439e-285; 1,0237; 20,0311; 
1645; 3,7029e-285; 1,02358; 20,0308; 
1646; 1,38859e-285; 1,02347; 20,0305; 
1647; 5,2072e-286; 1,02335; 20,0302; 
1648; 1,9527e-286; 1,02323; 20,0299; 
1649; 7,32262e-287; 1,02312; 20,0296; 
1650; 2,74598e-287; 1,023; 20,0293; 
1651; 1,02974e-287; 1,02289; 20,0291; 
1652; 3,86154e-288; 1,02278; 20,0288; 
1653; 1,44808e-288; 1,02266; 20,0285; 
1654; 5,43029e-289; 1,02255; 20,0282; 
1655; 2,03636e-289; 1,02244; 20,0279; 
1656; 7,63634e-290; 1,02233; 20,0277; 
1657; 2,86363e-290; 1,02222; 20,0274; 
1658; 1,07386e-290; 1,02211; 20,0271; 
1659; 4,02698e-291; 1,022; 20,0269; 
1660; 1,51012e-291; 1,02189; 20,0266; 
1661; 5,66294e-292; 1,02178; 20,0263; 
1662; 2,1236e-292; 1,02167; 20,0261; 
1663; 7,96351e-293; 1,02156; 20,0258; 
1664; 2,98632e-293; 1,02146; 20,0256; 
1665; 1,11987e-293; 1,02135; 20,0253; 
1666; 4,19951e-294; 1,02125; 20,0251; 
1667; 1,57481e-294; 1,02114; 20,0248; 
1668; 5,90555e-295; 1,02104; 20,0246; 
1669; 2,21458e-295; 1,02093; 20,0244; 
1670; 8,30469e-296; 1,02083; 20,0241; 
1671; 3,11426e-296; 1,02072; 20,0239; 
1672; 1,16785e-296; 1,02062; 20,0237; 
1673; 4,37942e-297; 1,02052; 20,0234; 
1674; 1,64228e-297; 1,02042; 20,0232; 
1675; 6,15857e-298; 1,02032; 20,023; 
1676; 2,30946e-298; 1,02021; 20,0227; 
1677; 8,66048e-299; 1,02011; 20,0225; 
1678; 3,24768e-299; 1,02001; 20,0223; 
1679; 1,21788e-299; 1,01992; 20,0221; 
1680; 4,56705e-300; 1,01982; 20,0219; 
1681; 1,71264e-300; 1,01972; 20,0217; 
1682; 6,42242e-301; 1,01962; 20,0214; 
1683; 2,40841e-301; 1,01952; 20,0212; 
1684; 9,03152e-302; 1,01943; 20,021; 
1685; 3,38682e-302; 1,01933; 20,0208; 
1686; 1,27006e-302; 1,01923; 20,0206; 
1687; 4,76272e-303; 1,01914; 20,0204; 
1688; 1,78602e-303; 1,01904; 20,0202; 
1689; 6,69757e-304; 1,01895; 20,02; 
1690; 2,51159e-304; 1,01885; 20,0198; 
1691; 9,41846e-305; 1,01876; 20,0196; 
1692; 3,53192e-305; 1,01867; 20,0194; 
1693; 1,32447e-305; 1,01858; 20,0193; 
1694; 4,96677e-306; 1,01848; 20,0191; 
1695; 1,86254e-306; 1,01839; 20,0189; 
1696; 6,98451e-307; 1,0183; 20,0187; 
1697; 2,61919e-307; 1,01821; 20,0185; 
1698; 9,82197e-308; 1,01812; 20,0183; 
1699; 3,68324e-308; 1,01803; 20,0182; 
1700; 1,38121e-308; 1,01794; 20,018; 
1701; 5,17956e-309; 1,01785; 20,0178; 
1702; 1,94233e-309; 1,01776; 20,0176; 
1703; 7,28375e-310; 1,01767; 20,0175; 
1704; 2,73141e-310; 1,01759; 20,0173; 
1705; 1,02428e-310; 1,0175; 20,0171; 
1706; 3,84104e-311; 1,01741; 20,0169; 
1707; 1,44039e-311; 1,01732; 20,0168; 
1708; 5,40146e-312; 1,01724; 20,0166; 
1709; 2,02555e-312; 1,01715; 20,0165; 
1710; 7,59581e-313; 1,01707; 20,0163; 
1711; 2,84843e-313; 1,01698; 20,0161; 
1712; 1,06816e-313; 1,0169; 20,016; 
1713; 4,0056e-314; 1,01682; 20,0158; 
1714; 1,5021e-314; 1,01673; 20,0157; 
1715; 5,63288e-315; 1,01665; 20,0155; 
1716; 2,11233e-315; 1,01657; 20,0154; 
1717; 7,92123e-316; 1,01648; 20,0152; 
1718; 2,97046e-316; 1,0164; 20,0151; 
1719; 1,11392e-316; 1,01632; 20,0149; 
1720; 4,17721e-317; 1,01624; 20,0148; 
1721; 1,56645e-317; 1,01616; 20,0146; 
1722; 5,8742e-318; 1,01608; 20,0145; 
1723; 2,20283e-318; 1,016; 20,0143; 
1724; 8,26058e-319; 1,01592; 20,0142; 
1725; 3,09769e-319; 1,01584; 20,0141; 
1726; 1,16165e-319; 1,01576; 20,0139; 
1727; 4,35618e-320; 1,01568; 20,0138; 
1728; 1,63338e-320; 1,0156; 20,0136; 
1729; 6,12641e-321; 1,01553; 20,0135; 
1730; 2,29741e-321; 1,01545; 20,0134; 
1731; 8,59674e-322; 1,01537; 20,0132; 
1732; 3,21143e-322; 1,0153; 20,0131; 
1733; 1,18576e-322; 1,01522; 20,013; 
1734; 4,44659e-323; 1,01515; 20,0129; 
1735; 1,4822e-323; 1,01507; 20,0127; 
1736; 4,94066e-324; 1,015; 20,0126; 
1737; 0; 1,01492; 20,0125; 
1738; 0; 1,01485; 20,0124; 
1739; 0; 1,01477; 20,0122; 
1740; 0; 1,0147; 20,0121; 
1741; 0; 1,01463; 20,012; 
1742; 0; 1,01455; 20,0119; 
1743; 0; 1,01448; 20,0118; 
1744; 0; 1,01441; 20,0117; 
1745; 0; 1,01434; 20,0115; 
1746; 0; 1,01427; 20,0114; 
1747; 0; 1,0142; 20,0113; 
1748; 0; 1,01413; 20,0112; 
1749; 0; 1,01406; 20,0111; 
1750; 0; 1,01399; 20,011; 
1751; 0; 1,01392; 20,0109; 
1752; 0; 1,01385; 20,0108; 
1753; 0; 1,01378; 20,0107; 
1754; 0; 1,01371; 20,0106; 
1755; 0; 1,01364; 20,0105; 
1756; 0; 1,01357; 20,0104; 
1757; 0; 1,01351; 20,0103; 
1758; 0; 1,01344; 20,0102; 
1759; 0; 1,01337; 20,0101; 
1760; 0; 1,01331; 20,01; 
1761; 0; 1,01324; 20,0099; 
1762; 0; 1,01317; 20,0098; 
1763; 0; 1,01311; 20,0097; 
1764; 0; 1,01304; 20,0096; 
1765; 0; 1,01298; 20,0095; 
1766; 0; 1,01291; 20,0094; 
1767; 0; 1,01285; 20,0093; 
1768; 0; 1,01279; 20,0092; 
1769; 0; 1,01272; 20,0091; 
1770; 0; 1,01266; 20,009; 
1771; 0; 1,0126; 20,0089; 
1772; 0; 1,01253; 20,0088; 
1773; 0; 1,01247; 20,0088; 
1774; 0; 1,01241; 20,0087; 
1775; 0; 1,01235; 20,0086; 
1776; 0; 1,01229; 20,0085; 
1777; 0; 1,01222; 20,0084; 
1778; 0; 1,01216; 20,0083; 
1779; 0; 1,0121; 20,0083; 
1780; 0; 1,01204; 20,0082; 
1781; 0; 1,01198; 20,0081; 
1782; 0; 1,01192; 20,008; 
1783; 0; 1,01186; 20,0079; 
1784; 0; 1,01181; 20,0079; 
1785; 0; 1,01175; 20,0078; 
1786; 0; 1,01169; 20,0077; 
1787; 0; 1,01163; 20,0076; 
1788; 0; 1,01157; 20,0075; 
1789; 0; 1,01152; 20,0075; 
1790; 0; 1,01146; 20,0074; 
1791; 0; 1,0114; 20,0073; 
1792; 0; 1,01134; 20,0073; 
1793; 0; 1,01129; 20,0072; 
1794; 0; 1,01123; 20,0071; 
1795; 0; 1,01118; 20,007; 
1796; 0; 1,01112; 20,007; 
1797; 0; 1,01106; 20,0069; 
1798; 0; 1,01101; 20,0068; 
1799; 0; 1,01096; 20,0068; 
1800; 0; 1,0109; 20,0067; 
1801; 0; 1,01085; 20,0066; 
1802; 0; 1,01079; 20,0066; 
1803; 0; 1,01074; 20,0065; 
1804; 0; 1,01069; 20,0064; 
1805; 0; 1,01063; 20,0064; 
1806; 0; 1,01058; 20,0063; 
1807; 0; 1,01053; 20,0063; 
1808; 0; 1,01047; 20,0062; 
1809; 0; 1,01042; 20,0061; 
1810; 0; 1,01037; 20,0061; 
1811; 0; 1,01032; 20,006; 
1812; 0; 1,01027; 20,006; 
1813; 0; 1,01022; 20,0059; 
1814; 0; 1,01017; 20,0058; 
1815; 0; 1,01012; 20,0058; 
1816; 0; 1,01006; 20,0057; 
1817; 0; 1,01001; 20,0057; 
1818; 0; 1,00996; 20,0056; 
1819; 0; 1,00992; 20,0056; 
1820; 0; 1,00987; 20,0055; 
1821; 0; 1,00982; 20,0054; 
1822; 0; 1,00977; 20,0054; 
1823; 0; 1,00972; 20,0053; 
1824; 0; 1,00967; 20,0053; 
1825; 0; 1,00962; 20,0052; 
1826; 0; 1,00958; 20,0052; 
1827; 0; 1,00953; 20,0051; 
1828; 0; 1,00948; 20,0051; 
1829; 0; 1,00943; 20,005; 
1830; 0; 1,00939; 20,005; 
1831; 0; 1,00934; 20,0049; 
1832; 0; 1,00929; 20,0049; 
1833; 0; 1,00925; 20,0048; 
1834; 0; 1,0092; 20,0048; 
1835; 0; 1,00915; 20,0047; 
1836; 0; 1,00911; 20,0047; 
1837; 0; 1,00906; 20,0046; 
1838; 0; 1,00902; 20,0046; 
1839; 0; 1,00897; 20,0046; 
1840; 0; 1,00893; 20,0045; 
1841; 0; 1,00889; 20,0045; 
1842; 0; 1,00884; 20,0044; 
1843; 0; 1,0088; 20,0044; 
1844; 0; 1,00875; 20,0043; 
1845; 0; 1,00871; 20,0043; 
1846; 0; 1,00867; 20,0043; 
1847; 0; 1,00862; 20,0042; 
1848; 0; 1,00858; 20,0042; 
1849; 0; 1,00854; 20,0041; 
1850; 0; 1,00849; 20,0041; 
1851; 0; 1,00845; 20,004; 
1852; 0; 1,00841; 20,004; 
1853; 0; 1,00837; 20,004; 
1854; 0; 1,00833; 20,0039; 
1855; 0; 1,00829; 20,0039; 
1856; 0; 1,00824; 20,0039; 
1857; 0; 1,0082; 20,0038; 
1858; 0; 1,00816; 20,0038; 
1859; 0; 1,00812; 20,0037; 
1860; 0; 1,00808; 20,0037; 
1861; 0; 1,00804; 20,0037; 
1862; 0; 1,008; 20,0036; 
1863; 0; 1,00796; 20,0036; 
1864; 0; 1,00792; 20,0036; 
1865; 0; 1,00788; 20,0035; 
1866; 0; 1,00784; 20,0035; 
1867; 0; 1,0078; 20,0035; 
1868; 0; 1,00777; 20,0034; 
1869; 0; 1,00773; 20,0034; 
1870; 0; 1,00769; 20,0034; 
1871; 0; 1,00765; 20,0033; 
1872; 0; 1,00761; 20,0033; 
1873; 0; 1,00757; 20,0033; 
1874; 0; 1,00754; 20,0032; 
1875; 0; 1,0075; 20,0032; 
1876; 0; 1,00746; 20,0032; 
1877; 0; 1,00742; 20,0031; 
1878; 0; 1,00739; 20,0031; 
1879; 0; 1,00735; 20,0031; 
1880; 0; 1,00731; 20,003; 
1881; 0; 1,00728; 20,003; 
1882; 0; 1,00724; 20,003; 
1883; 0; 1,00721; 20,0029; 
1884; 0; 1,00717; 20,0029; 
1885; 0; 1,00713; 20,0029; 
1886; 0; 1,0071; 20,0029; 
1887; 0; 1,00706; 20,0028; 
1888; 0; 1,00703; 20,0028; 
1889; 0; 1,00699; 20,0028; 
1890; 0; 1,00696; 20,0027; 
1891; 0; 1,00692; 20,0027; 
1892; 0; 1,00689; 20,0027; 
1893; 0; 1,00685; 20,0027; 
1894; 0; 1,00682; 20,0026; 
1895; 0; 1,00679; 20,0026; 
1896; 0; 1,00675; 20,0026; 
1897; 0; 1,00672; 20,0026; 
1898; 0; 1,00669; 20,0025; 
1899; 0; 1,00665; 20,0025; 
1900; 0; 1,00662; 20,0025; 
1901; 0; 1,00659; 20,0025; 
1902; 0; 1,00655; 20,0024; 
1903; 0; 1,00652; 20,0024; 
1904; 0; 1,00649; 20,0024; 
1905; 0; 1,00646; 20,0024; 
1906; 0; 1,00642; 20,0023; 
1907; 0; 1,00639; 20,0023; 
1908; 0; 1,00636; 20,0023; 
1909; 0; 1,00633; 20,0023; 
1910; 0; 1,0063; 20,0023; 
1911; 0; 1,00627; 20,0022; 
1912; 0; 1,00623; 20,0022; 
1913; 0; 1,0062; 20,0022; 
1914; 0; 1,00617; 20,0022; 
1915; 0; 1,00614; 20,0021; 
1916; 0; 1,00611; 20,0021; 
1917; 0; 1,00608; 20,0021; 
1918; 0; 1,00605; 20,0021; 
1919; 0; 1,00602; 20,0021; 
1920; 0; 1,00599; 20,002; 
1921; 0; 1,00596; 20,002; 
1922; 0; 1,00593; 20,002; 
1923; 0; 1,0059; 20,002; 
1924; 0; 1,00587; 20,002; 
1925; 0; 1,00584; 20,0019; 
1926; 0; 1,00581; 20,0019; 
1927; 0; 1,00579; 20,0019; 
1928; 0; 1,00576; 20,0019; 
1929; 0; 1,00573; 20,0019; 
1930; 0; 1,0057; 20,0018; 
1931; 0; 1,00567; 20,0018; 
1932; 0; 1,00564; 20,0018; 
1933; 0; 1,00561; 20,0018; 
1934; 0; 1,00559; 20,0018; 
1935; 0; 1,00556; 20,0018; 
1936; 0; 1,00553; 20,0017; 
1937; 0; 1,0055; 20,0017; 
1938; 0; 1,00548; 20,0017; 
1939; 0; 1,00545; 20,0017; 
1940; 0; 1,00542; 20,0017; 
1941; 0; 1,00539; 20,0017; 
1942; 0; 1,00537; 20,0016; 
1943; 0; 1,00534; 20,0016; 
1944; 0; 1,00531; 20,0016; 
1945; 0; 1,00529; 20,0016; 
1946; 0; 1,00526; 20,0016; 
1947; 0; 1,00524; 20,0016; 
1948; 0; 1,00521; 20,0015; 
1949; 0; 1,00518; 20,0015; 
1950; 0; 1,00516; 20,0015; 
1951; 0; 1,00513; 20,0015; 
1952; 0; 1,00511; 20,0015; 
1953; 0; 1,00508; 20,0015; 
1954; 0; 1,00506; 20,0015; 
1955; 0; 1,00503; 20,0014; 
1956; 0; 1,00501; 20,0014; 
1957; 0; 1,00498; 20,0014; 
1958; 0; 1,00496; 20,0014; 
1959; 0; 1,00493; 20,0014; 
1960; 0; 1,00491; 20,0014; 
1961; 0; 1,00488; 20,0014; 
1962; 0; 1,00486; 20,0013; 
1963; 0; 1,00483; 20,0013; 
1964; 0; 1,00481; 20,0013; 
1965; 0; 1,00479; 20,0013; 
1966; 0; 1,00476; 20,0013; 
1967; 0; 1,00474; 20,0013; 
1968; 0; 1,00471; 20,0013; 
1969; 0; 1,00469; 20,0013; 
1970; 0; 1,00467; 20,0012; 
1971; 0; 1,00464; 20,0012; 
1972; 0; 1,00462; 20,0012; 
1973; 0; 1,0046; 20,0012; 
1974; 0; 1,00458; 20,0012; 
1975; 0; 1,00455; 20,0012; 
1976; 0; 1,00453; 20,0012; 
1977; 0; 1,00451; 20,0012; 
1978; 0; 1,00448; 20,0011; 
1979; 0; 1,00446; 20,0011; 
1980; 0; 1,00444; 20,0011; 
1981; 0; 1,00442; 20,0011; 
1982; 0; 1,0044; 20,0011; 
1983; 0; 1,00437; 20,0011; 
1984; 0; 1,00435; 20,0011; 
1985; 0; 1,00433; 20,0011; 
1986; 0; 1,00431; 20,0011; 
1987; 0; 1,00429; 20,001; 
1988; 0; 1,00427; 20,001; 
1989; 0; 1,00425; 20,001; 
1990; 0; 1,00422; 20,001; 
1991; 0; 1,0042; 20,001; 
1992; 0; 1,00418; 20,001; 
1993; 0; 1,00416; 20,001; 
1994; 0; 1,00414; 20,001; 
1995; 0; 1,00412; 20,001; 
1996; 0; 1,0041; 20,001; 
1997; 0; 1,00408; 20,0009; 
1998; 0; 1,00406; 20,0009; 
1999; 0; 1,00404; 20,0009; 
2000; 0; 1,00402; 20,0009; 