0; 0; 0; 0; 
1,62683e-05; 0,000484486; 0,000983607; 0,0195105; 
0,000127261; 0,00188022; 0,00387076; 0,0380803; 
0,000419892; 0,0041037; 0,00857013; 0,0557638; 
0,000972933; 0,0070755; 0,0149957; 0,0726124; 
0,00185741; 0,0107202; 0,0230664; 0,0886744; 
0,00313701; 0,0149663; 0,0327059; 0,103995; 
0,00486845; 0,0197462; 0,043842; 0,118615; 
0,0071019; 0,024996; 0,056407; 0,132576; 
0,00988129; 0,0306554; 0,0703365; 0,145913; 
0,0132447; 0,0366678; 0,0855699; 0,15866; 
0,0172248; 0,0429799; 0,10205; 0,170849; 
0,021849; 0,0495418; 0,119722; 0,182508; 
0,0271399; 0,0563067; 0,138535; 0,193665; 
0,0331157; 0,063231; 0,158439; 0,204345; 
0,0397901; 0,070274; 0,179389; 0,214569; 
0,0471732; 0,0773979; 0,201338; 0,224359; 
0,0552712; 0,0845674; 0,224247; 0,233734; 
0,0640871; 0,0917501; 0,248072; 0,242711; 
0,0736206; 0,0989158; 0,272776; 0,251306; 
0,0838688; 0,106037; 0,298321; 0,259533; 
0,0948257; 0,113088; 0,324671; 0,267405; 
0,106483; 0,120046; 0,351791; 0,274934; 
0,118831; 0,126889; 0,379646; 0,28213; 
0,131857; 0,133598; 0,408206; 0,289003; 
0,145545; 0,140155; 0,437437; 0,295561; 
0,159882; 0,146545; 0,467308; 0,301812; 
0,174848; 0,152753; 0,497789; 0,307762; 
0,190426; 0,158766; 0,52885; 0,313418; 
0,206595; 0,164574; 0,560463; 0,318785; 
0,223333; 0,170166; 0,592598; 0,323867; 
0,24062; 0,175533; 0,625227; 0,328668; 
0,258432; 0,180669; 0,658322; 0,333193; 
0,276746; 0,185566; 0,691856; 0,337444; 
0,295538; 0,19022; 0,725802; 0,341424; 
0,314782; 0,194625; 0,760132; 0,345136; 
0,334454; 0,198779; 0,79482; 0,348582; 
0,354529; 0,202678; 0,82984; 0,351763; 
0,374981; 0,20632; 0,865164; 0,354683; 
0,395785; 0,209706; 0,900767; 0,357342; 
0,416914; 0,212833; 0,936624; 0,359742; 
0,438343; 0,215701; 0,972707; 0,361885; 
0,460045; 0,218313; 1,00899; 0,363772; 
0,481997; 0,220668; 1,04545; 0,365403; 
0,50417; 0,222768; 1,08206; 0,366782; 
0,526542; 0,224615; 1,1188; 0,367908; 
0,549085; 0,226212; 1,15564; 0,368783; 
0,571776; 0,227562; 1,19255; 0,36941; 
0,594589; 0,228667; 1,22951; 0,369789; 
0,617501; 0,229531; 1,2665; 0,369922; 
0,640488; 0,230158; 1,30349; 0,369811; 
0,663525; 0,230551; 1,34045; 0,369458; 
0,68659; 0,230716; 1,37737; 0,368865; 
0,709661; 0,230655; 1,41422; 0,368033; 
0,732714; 0,230375; 1,45097; 0,366966; 
0,755728; 0,229878; 1,4876; 0,365665; 
0,778683; 0,229171; 1,5241; 0,364133; 
0,801556; 0,228258; 1,56042; 0,362373; 
0,824328; 0,227145; 1,59656; 0,360388; 
0,846978; 0,225836; 1,63249; 0,35818; 
0,869488; 0,224336; 1,66819; 0,355753; 
0,891839; 0,222652; 1,70364; 0,353111; 
0,914013; 0,220788; 1,73881; 0,350256; 
0,935991; 0,218749; 1,77368; 0,347192; 
0,957757; 0,216542; 1,80824; 0,343924; 
0,979294; 0,214171; 1,84246; 0,340455; 
1,00059; 0,211643; 1,87632; 0,336789; 
1,02162; 0,208961; 1,90981; 0,332931; 
1,04237; 0,206133; 1,9429; 0,328884; 
1,06284; 0,203163; 1,97558; 0,324654; 
1,083; 0,200058; 2,00783; 0,320245; 
1,10285; 0,196821; 2,03962; 0,315662; 
1,12236; 0,19346; 2,07095; 0,310909; 
1,14153; 0,189978; 2,1018; 0,305992; 
1,16035; 0,186382; 2,13215; 0,300916; 
1,17881; 0,182677; 2,16198; 0,295686; 
1,19689; 0,178869; 2,19128; 0,290307; 
1,21458; 0,174962; 2,22004; 0,284784; 
1,23187; 0,170961; 2,24823; 0,279124; 
1,24877; 0,166873; 2,27586; 0,273332; 
1,26525; 0,162702; 2,30289; 0,267412; 
1,2813; 0,158452; 2,32933; 0,261372; 
1,29693; 0,15413; 2,35516; 0,255216; 
1,31213; 0,14974; 2,38037; 0,248951; 
1,32688; 0,145288; 2,40495; 0,242582; 
1,34118; 0,140777; 2,42889; 0,236115; 
1,35503; 0,136213; 2,45217; 0,229556; 
1,36843; 0,1316; 2,4748; 0,222911; 
1,38135; 0,126944; 2,49675; 0,216186; 
1,39381; 0,122249; 2,51803; 0,209386; 
1,4058; 0,117519; 2,53863; 0,202518; 
1,41732; 0,112759; 2,55853; 0,195588; 
1,42835; 0,107973; 2,57774; 0,188601; 
1,43891; 0,103166; 2,59625; 0,181563; 
1,44899; 0,0983426; 2,61405; 0,174481; 
1,45858; 0,093506; 2,63114; 0,16736; 
1,46769; 0,0886609; 2,64752; 0,160206; 
1,47631; 0,0838112; 2,66318; 0,153024; 
1,48445; 0,0789612; 2,67813; 0,145822; 
1,4921; 0,0741145; 2,69235; 0,138603; 
1,49927; 0,0692753; 2,70585; 0,131374; 
1,50596; 0,0644472; 2,71862; 0,124141; 
1,51216; 0,0596339; 2,73068; 0,116909; 
1,51788; 0,0548392; 2,74201; 0,109683; 
1,52313; 0,0500665; 2,75261; 0,10247; 
1,5279; 0,0453194; 2,7625; 0,0952731; 
1,53219; 0,0406012; 2,77167; 0,0880992; 
1,53602; 0,0359154; 2,78012; 0,0809531; 
1,53938; 0,0312651; 2,78786; 0,0738398; 
1,54227; 0,0266535; 2,79489; 0,0667643; 
1,54471; 0,0220838; 2,80121; 0,0597316; 
1,54669; 0,0175588; 2,80684; 0,0527465; 
1,54822; 0,0130816; 2,81177; 0,0458138; 
1,54931; 0,00865495; 2,816; 0,038938; 
1,54996; 0,00428165; 2,81956; 0,0321238; 
1,55017; -3,56429e-05; 2,82243; 0,0253755; 
1,54995; -0,00429434; 2,82463; 0,0186974; 
1,54931; -0,00849192; 2,82617; 0,0120939; 
1,54826; -0,012626; 2,82705; 0,00556887; 
1,54679; -0,0166942; 2,82729; -0,000873556; 
1,54492; -0,0206943; 2,82688; -0,00722954; 
1,54265; -0,0246241; 2,82585; -0,0134953; 
1,54; -0,0284815; 2,82419; -0,0196673; 
1,53696; -0,0322646; 2,82191; -0,0257419; 
1,53355; -0,0359715; 2,81904; -0,0317157; 
1,52977; -0,0396002; 2,81558; -0,0375855; 
1,52563; -0,0431492; 2,81153; -0,0433482; 
1,52114; -0,0466167; 2,80691; -0,0490006; 
1,51631; -0,0500012; 2,80173; -0,05454; 
1,51114; -0,0533011; 2,79601; -0,0599634; 
1,50565; -0,0565152; 2,78974; -0,0652684; 
1,49984; -0,0596421; 2,78296; -0,0704522; 
1,49373; -0,0626805; 2,77566; -0,0755127; 
1,48731; -0,0656294; 2,76786; -0,0804474; 
1,4806; -0,0684877; 2,75957; -0,0852543; 
1,47361; -0,0712544; 2,75081; -0,0899313; 
1,46635; -0,0739287; 2,74159; -0,0944766; 
1,45883; -0,0765097; 2,73192; -0,0988883; 
1,45106; -0,0789967; 2,72182; -0,103165; 
1,44304; -0,081389; 2,71129; -0,107305; 
1,43478; -0,0836862; 2,70036; -0,111307; 
1,4263; -0,0858877; 2,68903; -0,11517; 
1,41761; -0,0879932; 2,67733; -0,118892; 
1,40871; -0,0900023; 2,66526; -0,122473; 
1,39961; -0,0919148; 2,65284; -0,125912; 
1,39033; -0,0937305; 2,64008; -0,129207; 
1,38087; -0,0954494; 2,627; -0,132359; 
1,37124; -0,0970714; 2,61362; -0,135367; 
1,36146; -0,0985966; 2,59994; -0,13823; 
1,35152; -0,100025; 2,58597; -0,140949; 
1,34145; -0,101357; 2,57175; -0,143522; 
1,33126; -0,102593; 2,55728; -0,14595; 
1,32094; -0,103733; 2,54256; -0,148233; 
1,31051; -0,104778; 2,52763; -0,150372; 
1,29999; -0,105727; 2,5125; -0,152366; 
1,28937; -0,106582; 2,49717; -0,154215; 
1,27867; -0,107344; 2,48166; -0,155921; 
1,2679; -0,108012; 2,46599; -0,157484; 
1,25707; -0,108588; 2,45017; -0,158905; 
1,24619; -0,109073; 2,43421; -0,160184; 
1,23526; -0,109467; 2,41813; -0,161323; 
1,2243; -0,109771; 2,40195; -0,162321; 
1,21331; -0,109986; 2,38567; -0,163182; 
1,20231; -0,110114; 2,36932; -0,163905; 
1,19129; -0,110155; 2,3529; -0,164491; 
1,18028; -0,11011; 2,33642; -0,164944; 
1,16927; -0,109981; 2,31991; -0,165263; 
1,15828; -0,109769; 2,30338; -0,16545; 
1,14732; -0,109475; 2,28683; -0,165507; 
1,13639; -0,1091; 2,27028; -0,165436; 
1,1255; -0,108647; 2,25374; -0,165238; 
1,11466; -0,108115; 2,23724; -0,164915; 
1,10388; -0,107508; 2,22077; -0,16447; 
1,09317; -0,106825; 2,20435; -0,163903; 
1,08252; -0,10607; 2,18799; -0,163218; 
1,07195; -0,105242; 2,17171; -0,162416; 
1,06147; -0,104345; 2,15551; -0,1615; 
1,05109; -0,103379; 2,13941; -0,160471; 
1,0408; -0,102347; 2,12342; -0,159333; 
1,03062; -0,101249; 2,10755; -0,158087; 
1,02055; -0,100088; 2,0918; -0,156735; 
1,0106; -0,0988655; 2,0762; -0,155281; 
1,00078; -0,0975831; 2,06075; -0,153727; 
0,99109; -0,0962426; 2,04546; -0,152075; 
0,981535; -0,0948459; 2,03034; -0,150328; 
0,972123; -0,0933947; 2,0154; -0,148488; 
0,962858; -0,091891; 2,00065; -0,146558; 
0,953746; -0,0903367; 1,98609; -0,144542; 
0,944792; -0,0887335; 1,97174; -0,14244; 
0,936001; -0,0870834; 1,9576; -0,140258; 
0,927377; -0,0853883; 1,94369; -0,137996; 
0,918925; -0,08365; 1,93001; -0,135658; 
0,910648; -0,0818706; 1,91656; -0,133247; 
0,902552; -0,0800519; 1,90336; -0,130766; 
0,894639; -0,0781959; 1,89041; -0,128216; 
0,886914; -0,0763045; 1,87772; -0,125603; 
0,879379; -0,0743796; 1,86529; -0,122927; 
0,872039; -0,0724232; 1,85314; -0,120193; 
0,864896; -0,0704372; 1,84126; -0,117402; 
0,857953; -0,0684235; 1,82966; -0,114558; 
0,851212; -0,066384; 1,81835; -0,111665; 
0,844677; -0,0643207; 1,80733; -0,108723; 
0,838349; -0,0622355; 1,7966; -0,105738; 
0,83223; -0,0601303; 1,78618; -0,102711; 
0,826323; -0,0580069; 1,77606; -0,099645; 
0,820629; -0,0558673; 1,76625; -0,0965435; 
0,81515; -0,0537133; 1,75675; -0,0934092; 
0,809887; -0,0515468; 1,74757; -0,0902449; 
0,804841; -0,0493696; 1,73871; -0,0870534; 
0,800013; -0,0471835; 1,73016; -0,0838376; 
0,795405; -0,0449903; 1,72194; -0,0806002; 
0,791015; -0,0427919; 1,71404; -0,0773442; 
0,786846; -0,04059; 1,70647; -0,0740721; 
0,782898; -0,0383863; 1,69923; -0,0707868; 
0,779169; -0,0361825; 1,69231; -0,0674909; 
0,775661; -0,0339805; 1,68573; -0,0641872; 
0,772373; -0,0317817; 1,67948; -0,0608783; 
0,769304; -0,0295879; 1,67355; -0,0575669; 
0,766455; -0,0274008; 1,66796; -0,0542554; 
0,763824; -0,0252218; 1,6627; -0,0509465; 
0,76141; -0,0230526; 1,65777; -0,0476427; 
0,759213; -0,0208947; 1,65317; -0,0443465; 
0,757231; -0,0187497; 1,6489; -0,0410603; 
0,755463; -0,016619; 1,64496; -0,0377865; 
0,753907; -0,014504; 1,64135; -0,0345274; 
0,752561; -0,0124062; 1,63806; -0,0312854; 
0,751425; -0,010327; 1,63509; -0,0280628; 
0,750495; -0,00826769; 1,63244; -0,0248617; 
0,749771; -0,00622964; 1,63012; -0,0216844; 
0,749249; -0,00421412; 1,6281; -0,018533; 
0,748927; -0,00222238; 1,62641; -0,0154096; 
0,748803; -0,000255633; 1,62502; -0,0123162; 
0,748875; 0,00168493; 1,62394; -0,00925472; 
0,749139; 0,00359816; 1,62317; -0,0062272; 
0,749594; 0,00548297; 1,6227; -0,00323547; 
0,750235; 0,00733826; 1,62252; -0,000281372; 
0,75106; 0,00916302; 1,62264; 0,00263333; 
0,752067; 0,0109562; 1,62305; 0,00550691; 
0,75325; 0,0127169; 1,62374; 0,0083377; 
0,754609; 0,0144442; 1,62471; 0,0111241; 
0,756138; 0,0161372; 1,62596; 0,0138646; 
0,757835; 0,0177951; 1,62748; 0,0165576; 
0,759696; 0,019417; 1,62927; 0,0192017; 
0,761717; 0,0210021; 1,63132; 0,0217956; 
0,763895; 0,0225498; 1,63363; 0,0243378; 
0,766226; 0,0240594; 1,63619; 0,0268272; 
0,768706; 0,0255301; 1,63899; 0,0292625; 
0,771331; 0,0269615; 1,64204; 0,0316426; 
0,774097; 0,0283528; 1,64532; 0,0339664; 
0,777; 0,0297037; 1,64883; 0,0362328; 
0,780036; 0,0310135; 1,65256; 0,0384409; 
0,783201; 0,0322818; 1,65652; 0,0405897; 
0,786491; 0,0335082; 1,66068; 0,0426784; 
0,789901; 0,0346924; 1,66505; 0,0447062; 
0,793428; 0,0358339; 1,66962; 0,0466723; 
0,797067; 0,0369324; 1,67438; 0,0485761; 
0,800813; 0,0379878; 1,67933; 0,0504168; 
0,804663; 0,0389997; 1,68446; 0,052194; 
0,808612; 0,0399679; 1,68977; 0,0539071; 
0,812655; 0,0408923; 1,69524; 0,0555557; 
0,816789; 0,0417729; 1,70088; 0,0571393; 
0,821008; 0,0426093; 1,70667; 0,0586576; 
0,825309; 0,0434018; 1,71261; 0,0601103; 
0,829687; 0,0441501; 1,71869; 0,0614972; 
0,834138; 0,0448543; 1,72491; 0,062818; 
0,838656; 0,0455145; 1,73125; 0,0640727; 
0,843239; 0,0461307; 1,73772; 0,0652612; 
0,847881; 0,0467031; 1,7443; 0,0663833; 
0,852578; 0,0472318; 1,75099; 0,0674393; 
0,857326; 0,047717; 1,75779; 0,0684291; 
0,86212; 0,0481589; 1,76468; 0,0693528; 
0,866956; 0,0485577; 1,77165; 0,0702106; 
0,87183; 0,0489138; 1,77872; 0,0710029; 
0,876738; 0,0492273; 1,78585; 0,0717297; 
0,881674; 0,0494987; 1,79306; 0,0723914; 
0,886636; 0,0497282; 1,80033; 0,0729885; 
0,891619; 0,0499164; 1,80765; 0,0735213; 
0,896618; 0,0500635; 1,81503; 0,0739902; 
0,90163; 0,05017; 1,82245; 0,0743958; 
0,906651; 0,0502364; 1,82991; 0,0747385; 
0,911676; 0,0502632; 1,8374; 0,0750191; 
0,916702; 0,0502509; 1,84491; 0,075238; 
0,921725; 0,0501999; 1,85244; 0,075396; 
0,926741; 0,050111; 1,85999; 0,0754937; 
0,931746; 0,0499846; 1,86754; 0,0755318; 
0,936736; 0,0498213; 1,87509; 0,0755112; 
0,941709; 0,0496218; 1,88264; 0,0754327; 
0,94666; 0,0493868; 1,89018; 0,075297; 
0,951585; 0,0491167; 1,8977; 0,0751051; 
0,956482; 0,0488125; 1,9052; 0,0748579; 
0,961346; 0,0484746; 1,91267; 0,0745562; 
0,966176; 0,048104; 1,9201; 0,0742011; 
0,970966; 0,0477011; 1,9275; 0,0737935; 
0,975715; 0,047267; 1,93486; 0,0733345; 
0,980418; 0,0468021; 1,94217; 0,0728251; 
0,985074; 0,0463075; 1,94943; 0,0722663; 
0,989679; 0,0457837; 1,95662; 0,0716593; 
0,99423; 0,0452317; 1,96376; 0,0710052; 
0,998724; 0,0446522; 1,97082; 0,0703052; 
1,00316; 0,044046; 1,97781; 0,0695602; 
1,00753; 0,043414; 1,98473; 0,0687717; 
1,01184; 0,0427569; 1,99157; 0,0679406; 
1,01608; 0,0420758; 1,99832; 0,0670684; 
1,02026; 0,0413713; 2,00498; 0,0661561; 
1,02436; 0,0406443; 2,01155; 0,065205; 
1,02838; 0,0398958; 2,01802; 0,0642164; 
1,03234; 0,0391265; 2,02439; 0,0631915; 
1,03621; 0,0383374; 2,03066; 0,0621316; 
1,04; 0,0375293; 2,03682; 0,0610381; 
1,04371; 0,0367031; 2,04286; 0,0599121; 
1,04734; 0,0358596; 2,0488; 0,058755; 
1,05089; 0,0349998; 2,05461; 0,0575682; 
1,05434; 0,0341246; 2,06031; 0,0563528; 
1,05771; 0,0332348; 2,06588; 0,0551103; 
1,06099; 0,0323313; 2,07133; 0,053842; 
1,06418; 0,0314149; 2,07665; 0,0525492; 
1,06727; 0,0304867; 2,08184; 0,0512331; 
1,07027; 0,0295473; 2,0869; 0,0498952; 
1,07318; 0,0285978; 2,09182; 0,0485368; 
1,07599; 0,027639; 2,0966; 0,0471592; 
1,07871; 0,0266717; 2,10125; 0,0457636; 
1,08133; 0,0256968; 2,10576; 0,0443515; 
1,08385; 0,0247152; 2,11012; 0,0429242; 
1,08627; 0,0237277; 2,11434; 0,0414828; 
1,08859; 0,0227351; 2,11842; 0,0400288; 
1,09082; 0,0217383; 2,12235; 0,0385635; 
1,09294; 0,0207381; 2,12613; 0,037088; 
1,09496; 0,0197353; 2,12976; 0,0356038; 
1,09689; 0,0187308; 2,13325; 0,034112; 
1,09871; 0,0177252; 2,13658; 0,0326139; 
1,10043; 0,0167195; 2,13977; 0,0311107; 
1,10205; 0,0157144; 2,14281; 0,0296037; 
1,10357; 0,0147107; 2,14569; 0,0280941; 
1,105; 0,0137091; 2,14843; 0,026583; 
1,10632; 0,0127103; 2,15101; 0,0250717; 
1,10754; 0,0117151; 2,15344; 0,0235614; 
1,10866; 0,0107243; 2,15572; 0,0220531; 
1,10968; 0,0097384; 2,15785; 0,0205481; 
1,11061; 0,00875827; 2,15983; 0,0190474; 
1,11143; 0,00778453; 2,16166; 0,0175521; 
1,11216; 0,00681784; 2,16334; 0,0160634; 
1,1128; 0,00585886; 2,16487; 0,0145822; 
1,11334; 0,00490822; 2,16626; 0,0131097; 
1,11378; 0,00396654; 2,1675; 0,0116468; 
1,11413; 0,00303444; 2,16859; 0,0101945; 
1,11439; 0,0021125; 2,16953; 0,00875384; 
1,11455; 0,00120129; 2,17034; 0,00732576; 
1,11463; 0,000301372; 2,171; 0,00591117; 
1,11461; -0,000586707; 2,17152; 0,004511; 
1,11451; -0,00146242; 2,1719; 0,00312613; 
1,11432; -0,00232527; 2,17215; 0,00175742; 
1,11405; -0,00317475; 2,17226; 0,000405711; 
1,11369; -0,00401038; 2,17223; -0,000928183; 
1,11324; -0,00483172; 2,17207; -0,00224347; 
1,11272; -0,00563832; 2,17178; -0,00353939; 
1,11212; -0,00642975; 2,17136; -0,0048152; 
1,11144; -0,00720561; 2,17082; -0,00607019; 
1,11068; -0,00796551; 2,17015; -0,00730366; 
1,10984; -0,00870907; 2,16936; -0,00851496; 
1,10894; -0,00943595; 2,16845; -0,00970345; 
1,10796; -0,0101458; 2,16742; -0,0108685; 
1,10691; -0,0108383; 2,16627; -0,0120096; 
1,10579; -0,0115132; 2,16502; -0,0131261; 
1,10461; -0,0121701; 2,16365; -0,0142175; 
1,10336; -0,0128088; 2,16217; -0,0152833; 
1,10204; -0,0134291; 2,16059; -0,016323; 
1,10067; -0,0140307; 2,15891; -0,0173362; 
1,09924; -0,0146135; 2,15713; -0,0183224; 
1,09775; -0,0151771; 2,15525; -0,0192813; 
1,0962; -0,0157215; 2,15327; -0,0202124; 
1,09461; -0,0162465; 2,15121; -0,0211155; 
1,09296; -0,0167518; 2,14905; -0,0219902; 
1,09126; -0,0172375; 2,14681; -0,0228362; 
1,08951; -0,0177034; 2,14448; -0,0236532; 
1,08772; -0,0181494; 2,14208; -0,024441; 
1,08588; -0,0185754; 2,1396; -0,0251995; 
1,084; -0,0189814; 2,13704; -0,0259283; 
1,08208; -0,0193673; 2,13441; -0,0266273; 
1,08013; -0,019733; 2,13172; -0,0272965; 
1,07814; -0,0200787; 2,12895; -0,0279356; 
1,07611; -0,0204042; 2,12613; -0,0285446; 
1,07406; -0,0207097; 2,12325; -0,0291234; 
1,07197; -0,020995; 2,12031; -0,029672; 
1,06986; -0,0212604; 2,11731; -0,0301903; 
1,06772; -0,0215058; 2,11427; -0,0306785; 
1,06556; -0,0217313; 2,11118; -0,0311364; 
1,06337; -0,021937; 2,10804; -0,0315641; 
1,06117; -0,0221231; 2,10487; -0,0319618; 
1,05895; -0,0222896; 2,10165; -0,0323295; 
1,05671; -0,0224367; 2,0984; -0,0326674; 
1,05446; -0,0225645; 2,09512; -0,0329755; 
1,0522; -0,0226731; 2,09181; -0,0332541; 
1,04993; -0,0227629; 2,08847; -0,0335032; 
1,04765; -0,0228339; 2,08511; -0,0337232; 
1,04536; -0,0228863; 2,08173; -0,0339143; 
1,04307; -0,0229204; 2,07833; -0,0340766; 
1,04078; -0,0229363; 2,07491; -0,0342105; 
1,03849; -0,0229344; 2,07148; -0,0343162; 
1,03619; -0,0229148; 2,06805; -0,034394; 
1,0339; -0,0228777; 2,06461; -0,0344442; 
1,03162; -0,0228236; 2,06116; -0,0344672; 
1,02934; -0,0227525; 2,05771; -0,0344634; 
1,02707; -0,0226649; 2,05427; -0,0344329; 
1,02481; -0,0225609; 2,05083; -0,0343764; 
1,02256; -0,022441; 2,04739; -0,0342941; 
1,02032; -0,0223053; 2,04397; -0,0341865; 
1,0181; -0,0221543; 2,04056; -0,0340539; 
1,01589; -0,0219882; 2,03716; -0,0338968; 
1,0137; -0,0218074; 2,03378; -0,0337158; 
1,01153; -0,0216122; 2,03042; -0,0335111; 
1,00938; -0,021403; 2,02708; -0,0332833; 
1,00725; -0,02118; 2,02376; -0,033033; 
1,00514; -0,0209437; 2,02047; -0,0327605; 
1,00306; -0,0206944; 2,01721; -0,0324664; 
1,001; -0,0204325; 2,01398; -0,0321512; 
0,998974; -0,0201584; 2,01078; -0,0318155; 
0,996973; -0,0198724; 2,00762; -0,0314597; 
0,995; -0,0195749; 2,00449; -0,0310844; 
0,993058; -0,0192663; 2,0014; -0,0306902; 
0,991148; -0,0189469; 1,99835; -0,0302776; 
0,989269; -0,0186173; 1,99535; -0,0298472; 
0,987424; -0,0182777; 1,99238; -0,0293995; 
0,985614; -0,0179286; 1,98947; -0,0289352; 
0,983839; -0,0175703; 1,9866; -0,0284548; 
0,9821; -0,0172033; 1,98378; -0,0279589; 
0,980399; -0,0168279; 1,98101; -0,0274481; 
0,978735; -0,0164446; 1,97829; -0,0269229; 
0,97711; -0,0160538; 1,97562; -0,0263841; 
0,975524; -0,0156558; 1,97301; -0,0258321; 
0,973979; -0,0152511; 1,97046; -0,0252676; 
0,972474; -0,01484; 1,96796; -0,0246912; 
0,971011; -0,014423; 1,96552; -0,0241035; 
0,96959; -0,0140005; 1,96314; -0,0235051; 
0,968211; -0,0135729; 1,96082; -0,0228965; 
0,966876; -0,0131405; 1,95856; -0,0222785; 
0,965583; -0,0127038; 1,95636; -0,0216516; 
0,964335; -0,0122631; 1,95423; -0,0210164; 
0,963131; -0,0118189; 1,95216; -0,0203735; 
0,961971; -0,0113715; 1,95015; -0,0197235; 
0,960857; -0,0109214; 1,94821; -0,019067; 
0,959787; -0,0104689; 1,94634; -0,0184047; 
0,958763; -0,0100144; 1,94453; -0,017737; 
0,957784; -0,00955825; 1,94279; -0,0170646; 
0,956851; -0,00910085; 1,94112; -0,016388; 
0,955964; -0,00864256; 1,93952; -0,0157079; 
0,955123; -0,00818376; 1,93798; -0,0150248; 
0,954327; -0,0077248; 1,93651; -0,0143393; 
0,953578; -0,00726604; 1,93511; -0,0136519; 
0,952874; -0,00680783; 1,93378; -0,0129632; 
0,952216; -0,00635051; 1,93252; -0,0122737; 
0,951604; -0,00589443; 1,93133; -0,011584; 
0,951037; -0,00543992; 1,9302; -0,0108946; 
0,950516; -0,00498731; 1,92915; -0,0102061; 
0,95004; -0,00453692; 1,92816; -0,00951894; 
0,949608; -0,00408908; 1,92724; -0,00883365; 
0,949222; -0,00364409; 1,92639; -0,00815074; 
0,94888; -0,00320225; 1,92561; -0,0074707; 
0,948581; -0,00276387; 1,9249; -0,00679403; 
0,948327; -0,00232924; 1,92425; -0,00612118; 
0,948115; -0,00189864; 1,92368; -0,00545264; 
0,947947; -0,00147236; 1,92316; -0,00478886; 
0,947821; -0,00105065; 1,92272; -0,00413029; 
0,947736; -0,00063379; 1,92234; -0,00347737; 
0,947694; -0,000222031; 1,92202; -0,00283052; 
0,947692; 0,000184376; 1,92177; -0,00219017; 
0,94773; 0,000585192; 1,92158; -0,00155671; 
0,947809; 0,00098018; 1,92146; -0,00093055; 
0,947926; 0,00136912; 1,9214; -0,000312068; 
0,948082; 0,00175178; 1,9214; 0,00029836; 
0,948276; 0,00212796; 1,92146; 0,000900371; 
0,948508; 0,00249745; 1,92158; 0,00149361; 
0,948776; 0,00286007; 1,92175; 0,00207775; 
0,949079; 0,00321561; 1,92199; 0,00265245; 
0,949419; 0,00356391; 1,92229; 0,0032174; 
0,949792; 0,00390479; 1,92263; 0,00377229; 
0,950199; 0,00423808; 1,92304; 0,00431682; 
0,950639; 0,00456364; 1,9235; 0,00485073; 
0,951112; 0,00488131; 1,92401; 0,00537373; 
0,951615; 0,00519095; 1,92457; 0,00588558; 
0,95215; 0,00549244; 1,92519; 0,00638603; 
0,952714; 0,00578566; 1,92585; 0,00687483; 
0,953306; 0,00607047; 1,92656; 0,00735178; 
0,953927; 0,00634679; 1,92732; 0,00781667; 
0,954576; 0,00661451; 1,92812; 0,00826929; 
0,95525; 0,00687353; 1,92897; 0,00870946; 
0,95595; 0,00712378; 1,92986; 0,00913702; 
0,956674; 0,00736518; 1,9308; 0,00955179; 
0,957423; 0,00759767; 1,93177; 0,00995364; 
0,958194; 0,00782117; 1,93279; 0,0103424; 
0,958987; 0,00803565; 1,93384; 0,010718; 
0,959801; 0,00824105; 1,93493; 0,0110803; 
0,960635; 0,00843735; 1,93606; 0,0114292; 
0,961488; 0,0086245; 1,93722; 0,0117646; 
0,962359; 0,0088025; 1,93841; 0,0120864; 
0,963248; 0,00897132; 1,93963; 0,0123946; 
0,964153; 0,00913095; 1,94089; 0,0126891; 
0,965074; 0,00928141; 1,94217; 0,0129698; 
0,966009; 0,00942268; 1,94348; 0,0132368; 
0,966958; 0,0095548; 1,94482; 0,01349; 
0,96792; 0,00967778; 1,94618; 0,0137294; 
0,968893; 0,00979164; 1,94756; 0,013955; 
0,969878; 0,00989643; 1,94897; 0,0141669; 
0,970872; 0,00999218; 1,9504; 0,0143649; 
0,971876; 0,0100789; 1,95184; 0,0145492; 
0,972888; 0,0101568; 1,95331; 0,0147199; 
0,973907; 0,0102257; 1,95479; 0,0148768; 
0,974933; 0,0102858; 1,95628; 0,0150203; 
0,975964; 0,0103372; 1,95779; 0,0151502; 
0,977; 0,01038; 1,95931; 0,0152666; 
0,97804; 0,0104141; 1,96084; 0,0153698; 
0,979082; 0,0104398; 1,96238; 0,0154597; 
0,980127; 0,0104571; 1,96393; 0,0155365; 
0,981173; 0,0104661; 1,96549; 0,0156002; 
0,98222; 0,0104669; 1,96705; 0,0156511; 
0,983267; 0,0104596; 1,96862; 0,0156892; 
0,984312; 0,0104443; 1,97019; 0,0157148; 
0,985355; 0,0104212; 1,97176; 0,0157278; 
0,986396; 0,0103903; 1,97334; 0,0157286; 
0,987433; 0,0103519; 1,97491; 0,0157172; 
0,988466; 0,010306; 1,97648; 0,0156938; 
0,989494; 0,0102528; 1,97805; 0,0156587; 
0,990516; 0,0101923; 1,97961; 0,0156119; 
0,991532; 0,0101248; 1,98117; 0,0155538; 
0,992541; 0,0100505; 1,98272; 0,0154844; 
0,993542; 0,00996933; 1,98427; 0,015404; 
0,994535; 0,00988159; 1,9858; 0,0153128; 
0,995518; 0,00978741; 1,98733; 0,0152111; 
0,996492; 0,00968695; 1,98884; 0,0150989; 
0,997455; 0,00958036; 1,99035; 0,0149766; 
0,998408; 0,00946781; 1,99184; 0,0148445; 
0,999349; 0,00934948; 1,99332; 0,0147026; 
1,00028; 0,00922551; 1,99478; 0,0145513; 
1,00119; 0,0090961; 1,99623; 0,0143908; 
1,0021; 0,00896141; 1,99766; 0,0142214; 
1,00299; 0,00882161; 1,99907; 0,0140432; 
1,00386; 0,00867689; 2,00047; 0,0138567; 
1,00472; 0,00852741; 2,00184; 0,0136619; 
1,00557; 0,00837336; 2,0032; 0,0134592; 
1,0064; 0,00821493; 2,00453; 0,0132489; 
1,00721; 0,00805228; 2,00585; 0,0130312; 
1,00801; 0,0078856; 2,00714; 0,0128063; 
1,00879; 0,00771508; 2,00841; 0,0125746; 
1,00955; 0,00754089; 2,00965; 0,0123363; 
1,01029; 0,00736323; 2,01088; 0,0120916; 
1,01102; 0,00718227; 2,01207; 0,0118409; 
1,01173; 0,0069982; 2,01324; 0,0115845; 
1,01242; 0,0068112; 2,01439; 0,0113226; 
1,01309; 0,00662145; 2,01551; 0,0110554; 
1,01374; 0,00642914; 2,0166; 0,0107833; 
1,01438; 0,00623446; 2,01766; 0,0105065; 
1,01499; 0,00603758; 2,0187; 0,0102254; 
1,01559; 0,00583868; 2,01971; 0,0099401; 
1,01616; 0,00563795; 2,02069; 0,00965099; 
1,01671; 0,00543556; 2,02164; 0,00935831; 
1,01725; 0,00523169; 2,02256; 0,00906234; 
1,01776; 0,00502652; 2,02345; 0,00876335; 
1,01825; 0,00482023; 2,02431; 0,00846161; 
1,01872; 0,00461299; 2,02514; 0,0081574; 
1,01917; 0,00440497; 2,02594; 0,00785097; 
1,0196; 0,00419634; 2,02671; 0,0075426; 
1,02001; 0,00398728; 2,02745; 0,00723254; 
1,0204; 0,00377794; 2,02816; 0,00692107; 
1,02077; 0,0035685; 2,02884; 0,00660844; 
1,02112; 0,00335911; 2,02948; 0,0062949; 
1,02144; 0,00314994; 2,0301; 0,00598072; 
1,02175; 0,00294115; 2,03068; 0,00566613; 
1,02203; 0,00273289; 2,03123; 0,0053514; 
1,02229; 0,00252532; 2,03175; 0,00503676; 
1,02253; 0,00231858; 2,03224; 0,00472245; 
1,02276; 0,00211282; 2,03269; 0,00440872; 
1,02296; 0,0019082; 2,03312; 0,0040958; 
1,02314; 0,00170485; 2,03351; 0,00378391; 
1,0233; 0,00150291; 2,03388; 0,00347329; 
1,02344; 0,00130252; 2,03421; 0,00316415; 
1,02356; 0,00110381; 2,03451; 0,00285673; 
1,02366; 0,000906922; 2,03478; 0,00255122; 
1,02374; 0,00071197; 2,03502; 0,00224784; 
1,0238; 0,000519084; 2,03523; 0,0019468; 
1,02384; 0,000328385; 2,03541; 0,00164829; 
1,02387; 0,000139989; 2,03556; 0,00135251; 
1,02387; -4,59872e-05; 2,03568; 0,00105966; 
1,02386; -0,000229434; 2,03577; 0,000769919; 
1,02383; -0,000410244; 2,03583; 0,00048347; 
1,02378; -0,000588313; 2,03587; 0,000200489; 
1,02371; -0,000763539; 2,03587; -7,88509e-05; 
1,02362; -0,000935828; 2,03585; -0,000354384; 
1,02352; -0,00110508; 2,0358; -0,000625948; 
1,0234; -0,00127122; 2,03573; -0,000893388; 
1,02327; -0,00143414; 2,03562; -0,00115655; 
1,02312; -0,00159378; 2,03549; -0,0014153; 
1,02295; -0,00175004; 2,03534; -0,00166948; 
1,02277; -0,00190286; 2,03516; -0,00191896; 
1,02257; -0,00205216; 2,03496; -0,00216362; 
1,02236; -0,00219788; 2,03473; -0,00240333; 
1,02213; -0,00233995; 2,03448; -0,00263797; 
1,02189; -0,00247831; 2,0342; -0,00286743; 
1,02163; -0,0026129; 2,0339; -0,00309161; 
1,02137; -0,00274367; 2,03358; -0,00331039; 
1,02108; -0,00287057; 2,03324; -0,00352368; 
1,02079; -0,00299356; 2,03288; -0,0037314; 
1,02049; -0,00311259; 2,03249; -0,00393345; 
1,02017; -0,00322762; 2,03209; -0,00412976; 
1,01984; -0,00333862; 2,03167; -0,00432025; 
1,0195; -0,00344555; 2,03123; -0,00450486; 
1,01915; -0,0035484; 2,03077; -0,00468352; 
1,01879; -0,00364713; 2,03029; -0,00485616; 
1,01842; -0,00374172; 2,0298; -0,00502275; 
1,01804; -0,00383216; 2,02929; -0,00518323; 
1,01766; -0,00391843; 2,02876; -0,00533757; 
1,01726; -0,00400052; 2,02822; -0,00548571; 
1,01686; -0,00407843; 2,02766; -0,00562764; 
1,01644; -0,00415215; 2,02709; -0,00576332; 
1,01603; -0,00422167; 2,02651; -0,00589274; 
1,0156; -0,00428701; 2,02592; -0,00601589; 
1,01517; -0,00434817; 2,02531; -0,00613274; 
1,01473; -0,00440515; 2,02469; -0,00624329; 
1,01429; -0,00445797; 2,02406; -0,00634755; 
1,01384; -0,00450664; 2,02342; -0,00644551; 
1,01339; -0,00455119; 2,02277; -0,00653719; 
1,01293; -0,00459163; 2,02211; -0,00662259; 
1,01247; -0,00462798; 2,02145; -0,00670175; 
1,012; -0,00466028; 2,02077; -0,00677468; 
1,01154; -0,00468855; 2,02009; -0,0068414; 
1,01107; -0,00471283; 2,0194; -0,00690195; 
1,01059; -0,00473315; 2,01871; -0,00695637; 
1,01012; -0,00474954; 2,01801; -0,00700469; 
1,00964; -0,00476206; 2,01731; -0,00704697; 
1,00917; -0,00477073; 2,0166; -0,00708324; 
1,00869; -0,0047756; 2,01589; -0,00711356; 
1,00821; -0,00477673; 2,01518; -0,00713799; 
1,00773; -0,00477416; 2,01447; -0,00715659; 
1,00726; -0,00476794; 2,01375; -0,00716942; 
1,00678; -0,00475813; 2,01303; -0,00717655; 
1,00631; -0,00474478; 2,01232; -0,00717805; 
1,00583; -0,00472796; 2,0116; -0,00717399; 
1,00536; -0,00470771; 2,01088; -0,00716446; 
1,00489; -0,0046841; 2,01017; -0,00714953; 
1,00442; -0,00465719; 2,00945; -0,00712928; 
1,00396; -0,00462706; 2,00874; -0,00710381; 
1,0035; -0,00459376; 2,00803; -0,0070732; 
1,00304; -0,00455737; 2,00733; -0,00703755; 
1,00259; -0,00451795; 2,00662; -0,00699695; 
1,00214; -0,00447557; 2,00593; -0,0069515; 
1,00169; -0,00443031; 2,00523; -0,00690129; 
1,00125; -0,00438224; 2,00455; -0,00684644; 
1,00082; -0,00433144; 2,00386; -0,00678705; 
1,00039; -0,00427797; 2,00319; -0,00672321; 
0,999961; -0,00422193; 2,00252; -0,00665505; 
0,999541; -0,00416338; 2,00186; -0,00658267; 
0,999128; -0,00410241; 2,0012; -0,00650618; 
0,998721; -0,00403909; 2,00056; -0,00642571; 
0,99832; -0,0039735; 1,99992; -0,00634135; 
0,997926; -0,00390573; 1,99929; -0,00625324; 
0,997539; -0,00383586; 1,99867; -0,00616149; 
0,997159; -0,00376396; 1,99806; -0,00606621; 
0,996786; -0,00369013; 1,99745; -0,00596754; 
0,996421; -0,00361444; 1,99686; -0,00586558; 
0,996064; -0,00353698; 1,99628; -0,00576047; 
0,995714; -0,00345783; 1,99571; -0,00565233; 
0,995372; -0,00337707; 1,99515; -0,00554128; 
0,995038; -0,0032948; 1,9946; -0,00542745; 
0,994713; -0,00321108; 1,99407; -0,00531095; 
0,994396; -0,00312601; 1,99354; -0,00519192; 
0,994088; -0,00303968; 1,99303; -0,00507049; 
0,993788; -0,00295215; 1,99253; -0,00494677; 
0,993498; -0,00286353; 1,99204; -0,0048209; 
0,993216; -0,00277388; 1,99156; -0,004693; 
0,992943; -0,0026833; 1,9911; -0,0045632; 
0,992679; -0,00259186; 1,99065; -0,00443161; 
0,992425; -0,00249965; 1,99021; -0,00429838; 
0,992179; -0,00240675; 1,98979; -0,00416361; 
0,991943; -0,00231324; 1,98938; -0,00402744; 
0,991717; -0,0022192; 1,98899; -0,00389; 
0,991499; -0,00212471; 1,9886; -0,00375139; 
0,991292; -0,00202985; 1,98823; -0,00361175; 
0,991093; -0,00193469; 1,98788; -0,0034712; 
0,990905; -0,00183932; 1,98754; -0,00332986; 
0,990726; -0,00174381; 1,98721; -0,00318785; 
0,990556; -0,00164824; 1,9869; -0,00304528; 
0,990396; -0,00155267; 1,98661; -0,00290227; 
0,990245; -0,00145719; 1,98632; -0,00275895; 
0,990104; -0,00136187; 1,98605; -0,00261542; 
0,989973; -0,00126678; 1,9858; -0,00247179; 
0,989851; -0,00117198; 1,98556; -0,00232819; 
0,989739; -0,00107755; 1,98533; -0,00218472; 
0,989636; -0,000983557; 1,98512; -0,00204148; 
0,989542; -0,000890066; 1,98493; -0,0018986; 
0,989458; -0,000797142; 1,98474; -0,00175616; 
0,989382; -0,00070485; 1,98457; -0,00161429; 
0,989317; -0,000613252; 1,98442; -0,00147306; 
0,98926; -0,00052241; 1,98428; -0,0013326; 
0,989212; -0,000432382; 1,98415; -0,001193; 
0,989173; -0,000343229; 1,98404; -0,00105434; 
0,989143; -0,000255007; 1,98394; -0,000916733; 
0,989122; -0,000167771; 1,98386; -0,000780264; 
0,98911; -8,15761e-05; 1,98379; -0,000645023; 
0,989106; 3,52605e-06; 1,98373; -0,000511098; 
0,98911; 8,74841e-05; 1,98368; -0,000378575; 
0,989123; 0,000170249; 1,98365; -0,000247538; 
0,989144; 0,000251772; 1,98363; -0,000118067; 
0,989174; 0,000332008; 1,98363; 9,75835e-06; 
0,989211; 0,000410912; 1,98364; 0,000135862; 
0,989256; 0,000488441; 1,98366; 0,00026017; 
0,989308; 0,000564553; 1,98369; 0,00038261; 
0,989369; 0,000639209; 1,98373; 0,000503113; 
0,989436; 0,000712371; 1,98379; 0,000621612; 
0,989511; 0,000784003; 1,98386; 0,000738042; 
0,989593; 0,000854069; 1,98394; 0,000852342; 
0,989682; 0,000922537; 1,98403; 0,000964451; 
0,989777; 0,000989375; 1,98413; 0,00107431; 
0,98988; 0,00105455; 1,98424; 0,00118187; 
0,989988; 0,00111805; 1,98437; 0,00128708; 
0,990103; 0,00117982; 1,9845; 0,00138988; 
0,990224; 0,00123986; 1,98464; 0,00149024; 
0,990351; 0,00129814; 1,9848; 0,00158809; 
0,990484; 0,00135464; 1,98496; 0,00168341; 
0,990622; 0,00140933; 1,98513; 0,00177616; 
0,990766; 0,0014622; 1,98532; 0,00186629; 
0,990914; 0,00151324; 1,98551; 0,00195377; 
0,991068; 0,00156242; 1,98571; 0,00203857; 
0,991227; 0,00160974; 1,98591; 0,00212066; 
0,99139; 0,00165519; 1,98613; 0,00220002; 
0,991558; 0,00169875; 1,98635; 0,00227662; 
0,99173; 0,00174041; 1,98659; 0,00235043; 
0,991906; 0,00178017; 1,98682; 0,00242144; 
0,992086; 0,00181803; 1,98707; 0,00248963; 
0,992269; 0,00185398; 1,98732; 0,00255499; 
0,992456; 0,00188801; 1,98758; 0,0026175; 
0,992647; 0,00192014; 1,98785; 0,00267715; 
0,99284; 0,00195035; 1,98812; 0,00273394; 
0,993037; 0,00197865; 1,98839; 0,00278785; 
0,993236; 0,00200505; 1,98867; 0,0028389; 
0,993438; 0,00202954; 1,98896; 0,00288707; 
0,993642; 0,00205215; 1,98925; 0,00293237; 
0,993848; 0,00207286; 1,98955; 0,0029748; 
0,994056; 0,00209171; 1,98985; 0,00301437; 
0,994266; 0,00210868; 1,99015; 0,00305108; 
0,994478; 0,0021238; 1,99046; 0,00308494; 
0,994691; 0,00213708; 1,99077; 0,00311598; 
0,994905; 0,00214854; 1,99108; 0,00314419; 
0,995121; 0,00215818; 1,9914; 0,0031696; 
0,995337; 0,00216603; 1,99171; 0,00319223; 
0,995554; 0,00217211; 1,99203; 0,00321209; 
0,995771; 0,00217643; 1,99236; 0,0032292; 
0,995989; 0,00217901; 1,99268; 0,0032436; 
0,996207; 0,00217987; 1,993; 0,0032553; 
0,996425; 0,00217905; 1,99333; 0,00326434; 
0,996643; 0,00217655; 1,99366; 0,00327074; 
0,99686; 0,00217241; 1,99398; 0,00327453; 
0,997077; 0,00216665; 1,99431; 0,00327574; 
0,997294; 0,0021593; 1,99464; 0,00327441; 
0,997509; 0,00215038; 1,99497; 0,00327057; 
0,997724; 0,00213992; 1,99529; 0,00326427; 
0,997937; 0,00212795; 1,99562; 0,00325552; 
0,998149; 0,0021145; 1,99594; 0,00324439; 
0,99836; 0,0020996; 1,99627; 0,0032309; 
0,998569; 0,00208328; 1,99659; 0,00321511; 
0,998777; 0,00206558; 1,99691; 0,00319704; 
0,998982; 0,00204652; 1,99723; 0,00317676; 
0,999186; 0,00202613; 1,99755; 0,00315429; 
0,999387; 0,00200446; 1,99786; 0,00312969; 
0,999587; 0,00198153; 1,99817; 0,00310301; 
0,999784; 0,00195738; 1,99848; 0,0030743; 
0,999978; 0,00193204; 1,99879; 0,0030436; 
1,00017; 0,00190556; 1,99909; 0,00301096; 
1,00036; 0,00187796; 1,99939; 0,00297644; 
1,00055; 0,00184928; 1,99969; 0,00294009; 
1,00073; 0,00181956; 1,99998; 0,00290195; 
1,00091; 0,00178884; 2,00027; 0,00286209; 
1,00109; 0,00175715; 2,00055; 0,00282056; 
1,00126; 0,00172453; 2,00083; 0,00277741; 
1,00143; 0,00169101; 2,00111; 0,0027327; 
1,0016; 0,00165664; 2,00138; 0,00268648; 
1,00176; 0,00162146; 2,00164; 0,0026388; 
1,00192; 0,0015855; 2,0019; 0,00258973; 
1,00208; 0,00154879; 2,00216; 0,00253933; 
1,00223; 0,00151139; 2,00241; 0,00248764; 
1,00238; 0,00147332; 2,00266; 0,00243472; 
1,00253; 0,00143462; 2,0029; 0,00238064; 
1,00267; 0,00139534; 2,00313; 0,00232544; 
1,00281; 0,00135551; 2,00336; 0,0022692; 
1,00294; 0,00131516; 2,00359; 0,00221196; 
1,00307; 0,00127435; 2,00381; 0,00215378; 
1,0032; 0,00123309; 2,00402; 0,00209471; 
1,00332; 0,00119145; 2,00422; 0,00203483; 
1,00343; 0,00114944; 2,00443; 0,00197418; 
1,00355; 0,0011071; 2,00462; 0,00191282; 
1,00365; 0,00106448; 2,00481; 0,00185081; 
1,00376; 0,00102162; 2,00499; 0,0017882; 
1,00386; 0,000978535; 2,00517; 0,00172505; 
1,00395; 0,000935278; 2,00533; 0,00166142; 
1,00405; 0,000891879; 2,0055; 0,00159737; 
1,00413; 0,000848374; 2,00565; 0,00153294; 
1,00422; 0,000804798; 2,0058; 0,00146819; 
1,00429; 0,000761187; 2,00595; 0,00140317; 
1,00437; 0,000717573; 2,00608; 0,00133795; 
1,00444; 0,00067399; 2,00622; 0,00127257; 
1,0045; 0,000630473; 2,00634; 0,00120709; 
1,00456; 0,000587053; 2,00646; 0,00114155; 
1,00462; 0,000543762; 2,00657; 0,00107601; 
1,00467; 0,000500633; 2,00667; 0,00101052; 
1,00472; 0,000457696; 2,00677; 0,00094513; 
1,00476; 0,000414982; 2,00686; 0,000879888; 
1,0048; 0,00037252; 2,00695; 0,000814842; 
1,00484; 0,000330341; 2,00702; 0,00075004; 
1,00487; 0,000288473; 2,0071; 0,000685529; 
1,0049; 0,000246944; 2,00716; 0,000621354; 
1,00492; 0,000205781; 2,00722; 0,00055756; 
1,00494; 0,000165012; 2,00727; 0,000494193; 
1,00495; 0,000124662; 2,00732; 0,000431294; 
1,00496; 8,47571e-05; 2,00736; 0,000368906; 
1,00497; 4,53221e-05; 2,00739; 0,00030707; 
1,00497; 6,38103e-06; 2,00742; 0,000245826; 
1,00497; -3,20427e-05; 2,00744; 0,000185215; 
1,00497; -6,99265e-05; 2,00746; 0,000125273; 
1,00496; -0,000107248; 2,00747; 6,60389e-05; 
1,00494; -0,000143987; 2,00747; 7,54806e-06; 
1,00493; -0,000180122; 2,00747; -5,01642e-05; 
1,00491; -0,000215633; 2,00746; -0,000107064; 
1,00488; -0,000250502; 2,00745; -0,000163118; 
1,00486; -0,000284709; 2,00743; -0,000218294; 
1,00483; -0,000318239; 2,0074; -0,000272562; 
1,00479; -0,000351074; 2,00737; -0,000325892; 
1,00476; -0,000383197; 2,00734; -0,000378256; 
1,00472; -0,000414594; 2,0073; -0,000429625; 
1,00467; -0,00044525; 2,00725; -0,000479974; 
1,00463; -0,000475152; 2,0072; -0,000529278; 
1,00458; -0,000504287; 2,00715; -0,000577513; 
1,00453; -0,000532641; 2,00709; -0,000624655; 
1,00447; -0,000560205; 2,00702; -0,000670684; 
1,00442; -0,000586967; 2,00695; -0,000715578; 
1,00436; -0,000612918; 2,00688; -0,000759317; 
1,00429; -0,000638047; 2,0068; -0,000801885; 
1,00423; -0,000662348; 2,00672; -0,000843264; 
1,00416; -0,000685812; 2,00663; -0,000883437; 
1,00409; -0,000708433; 2,00654; -0,00092239; 
1,00402; -0,000730203; 2,00645; -0,00096011; 
1,00394; -0,000751119; 2,00635; -0,000996583; 
1,00387; -0,000771175; 2,00625; -0,0010318; 
1,00379; -0,000790367; 2,00614; -0,00106575; 
1,00371; -0,000808693; 2,00604; -0,00109842; 
1,00363; -0,000826149; 2,00592; -0,0011298; 
1,00355; -0,000842734; 2,00581; -0,00115989; 
1,00346; -0,000858446; 2,00569; -0,00118869; 
1,00337; -0,000873286; 2,00557; -0,00121618; 
1,00329; -0,000887253; 2,00545; -0,00124237; 
1,0032; -0,000900349; 2,00532; -0,00126724; 
1,00311; -0,000912575; 2,0052; -0,00129081; 
1,00301; -0,000923933; 2,00507; -0,00131306; 
1,00292; -0,000934426; 2,00493; -0,00133401; 
1,00283; -0,000944058; 2,0048; -0,00135364; 
1,00273; -0,000952832; 2,00466; -0,00137197; 
1,00264; -0,000960755; 2,00452; -0,00138899; 
1,00254; -0,00096783; 2,00438; -0,00140471; 
1,00244; -0,000974064; 2,00424; -0,00141914; 
1,00235; -0,000979463; 2,0041; -0,00143228; 
1,00225; -0,000984034; 2,00396; -0,00144414; 
1,00215; -0,000987785; 2,00381; -0,00145473; 
1,00205; -0,000990724; 2,00367; -0,00146405; 
1,00195; -0,00099286; 2,00352; -0,00147212; 
1,00185; -0,000994201; 2,00337; -0,00147895; 
1,00175; -0,000994758; 2,00322; -0,00148454; 
1,00165; -0,00099454; 2,00307; -0,00148891; 
1,00155; -0,000993558; 2,00293; -0,00149208; 
1,00145; -0,000991823; 2,00278; -0,00149406; 
1,00135; -0,000989346; 2,00263; -0,00149485; 
1,00126; -0,00098614; 2,00248; -0,00149448; 
1,00116; -0,000982216; 2,00233; -0,00149297; 
1,00106; -0,000977588; 2,00218; -0,00149032; 
1,00096; -0,000972267; 2,00203; -0,00148656; 
1,00086; -0,000966268; 2,00188; -0,0014817; 
1,00077; -0,000959605; 2,00173; -0,00147577; 
1,00067; -0,00095229; 2,00159; -0,00146878; 
1,00058; -0,00094434; 2,00144; -0,00146075; 
1,00048; -0,000935768; 2,00129; -0,0014517; 
1,00039; -0,000926589; 2,00115; -0,00144165; 
1,0003; -0,000916818; 2,00101; -0,00143062; 
1,00021; -0,000906472; 2,00086; -0,00141864; 
1,00012; -0,000895566; 2,00072; -0,00140573; 
1,00003; -0,000884115; 2,00058; -0,0013919; 
0,99994; -0,000872136; 2,00044; -0,00137719; 
0,999854; -0,000859644; 2,00031; -0,00136161; 
0,999769; -0,000846658; 2,00017; -0,00134519; 
0,999685; -0,000833193; 2,00004; -0,00132796; 
0,999602; -0,000819265; 1,99991; -0,00130993; 
0,999521; -0,000804893; 1,99978; -0,00129113; 
0,999441; -0,000790093; 1,99965; -0,00127159; 
0,999363; -0,000774882; 1,99952; -0,00125133; 
0,999286; -0,000759277; 1,9994; -0,00123038; 
0,999211; -0,000743297; 1,99928; -0,00120876; 
0,999137; -0,000726957; 1,99916; -0,0011865; 
0,999065; -0,000710276; 1,99904; -0,00116362; 
0,998995; -0,000693271; 1,99892; -0,00114015; 
0,998927; -0,000675959; 1,99881; -0,00111611; 
0,99886; -0,000658358; 1,9987; -0,00109154; 
0,998795; -0,000640485; 1,99859; -0,00106646; 
0,998732; -0,000622359; 1,99849; -0,00104089; 
0,998671; -0,000603995; 1,99838; -0,00101486; 
0,998611; -0,000585412; 1,99828; -0,000988391; 
0,998554; -0,000566626; 1,99819; -0,00096152; 
0,998498; -0,000547656; 1,99809; -0,000934267; 
0,998444; -0,000528518; 1,998; -0,00090666; 
0,998392; -0,000509228; 1,99791; -0,000878724; 
0,998342; -0,000489805; 1,99782; -0,000850484; 
0,998294; -0,000470265; 1,99774; -0,000821968; 
0,998248; -0,000450624; 1,99766; -0,0007932; 
0,998204; -0,000430898; 1,99758; -0,000764206; 
0,998162; -0,000411106; 1,99751; -0,000735012; 
0,998122; -0,000391261; 1,99743; -0,000705642; 
0,998084; -0,000371381; 1,99737; -0,000676122; 
0,998048; -0,000351481; 1,9973; -0,000646477; 
0,998013; -0,000331577; 1,99724; -0,000616731; 
0,997981; -0,000311684; 1,99718; -0,000586907; 
0,997951; -0,000291818; 1,99712; -0,000557032; 
0,997923; -0,000271993; 1,99706; -0,000527127; 
0,997897; -0,000252224; 1,99701; -0,000497217; 
0,997873; -0,000232525; 1,99696; -0,000467325; 
0,99785; -0,000212912; 1,99692; -0,000437473; 
0,99783; -0,000193397; 1,99688; -0,000407684; 
0,997812; -0,000173995; 1,99684; -0,00037798; 
0,997795; -0,00015472; 1,9968; -0,000348383; 
0,997781; -0,000135583; 1,99677; -0,000318915; 
0,997768; -0,000116598; 1,99674; -0,000289596; 
0,997757; -9,7778e-05; 1,99671; -0,000260446; 
0,997748; -7,9135e-05; 1,99669; -0,000231487; 
0,997741; -6,0681e-05; 1,99666; -0,000202737; 
0,997736; -4,24277e-05; 1,99665; -0,000174217; 
0,997733; -2,43864e-05; 1,99663; -0,000145945; 
0,997731; -6,56831e-06; 1,99662; -0,000117939; 
0,997732; 1,10159e-05; 1,99661; -9,02181e-05; 
0,997734; 2,83558e-05; 1,9966; -6,27994e-05; 
0,997737; 4,54412e-05; 1,99659; -3,57e-05; 
0,997743; 6,22625e-05; 1,99659; -8,93644e-06; 
0,99775; 7,88102e-05; 1,99659; 1,74751e-05; 
0,997758; 9,50752e-05; 1,99659; 4,35189e-05; 
0,997769; 0,000111049; 1,9966; 6,91799e-05; 
0,997781; 0,000126722; 1,99661; 9,44433e-05; 
0,997794; 0,000142088; 1,99662; 0,000119295; 
0,997809; 0,000157138; 1,99663; 0,000143722; 
0,997825; 0,000171865; 1,99665; 0,00016771; 
0,997843; 0,000186262; 1,99667; 0,000191247; 
0,997863; 0,000200323; 1,99669; 0,000214321; 
0,997883; 0,00021404; 1,99671; 0,00023692; 
0,997906; 0,000227408; 1,99673; 0,000259034; 
0,997929; 0,000240422; 1,99676; 0,000280651; 
0,997954; 0,000253075; 1,99679; 0,000301761; 
0,99798; 0,000265364; 1,99682; 0,000322356; 
0,998007; 0,000277284; 1,99685; 0,000342427; 
0,998035; 0,000288829; 1,99689; 0,000361963; 
0,998064; 0,000299997; 1,99693; 0,000380959; 
0,998095; 0,000310784; 1,99697; 0,000399406; 
0,998127; 0,000321187; 1,99701; 0,000417298; 
0,998159; 0,000331202; 1,99705; 0,000434628; 
0,998193; 0,000340828; 1,99709; 0,000451391; 
0,998227; 0,000350062; 1,99714; 0,00046758; 
0,998263; 0,000358902; 1,99719; 0,000483192; 
0,998299; 0,000367346; 1,99724; 0,000498222; 
0,998336; 0,000375394; 1,99729; 0,000512666; 
0,998374; 0,000383045; 1,99734; 0,000526521; 
0,998413; 0,000390298; 1,99739; 0,000539784; 
0,998452; 0,000397152; 1,99745; 0,000552453; 
0,998492; 0,000403608; 1,9975; 0,000564527; 
0,998533; 0,000409667; 1,99756; 0,000576002; 
0,998574; 0,000415328; 1,99762; 0,00058688; 
0,998616; 0,000420593; 1,99768; 0,000597159; 
0,998658; 0,000425463; 1,99774; 0,00060684; 
0,998701; 0,00042994; 1,9978; 0,000615923; 
0,998744; 0,000434025; 1,99786; 0,00062441; 
0,998788; 0,00043772; 1,99792; 0,000632301; 
0,998832; 0,000441029; 1,99799; 0,000639598; 
0,998876; 0,000443953; 1,99805; 0,000646304; 
0,998921; 0,000446495; 1,99812; 0,000652423; 
0,998965; 0,000448659; 1,99818; 0,000657955; 
0,99901; 0,000450448; 1,99825; 0,000662907; 
0,999055; 0,000451866; 1,99831; 0,00066728; 
0,999101; 0,000452916; 1,99838; 0,000671081; 
0,999146; 0,000453602; 1,99845; 0,000674313; 
0,999191; 0,00045393; 1,99852; 0,000676981; 
0,999237; 0,000453903; 1,99858; 0,000679092; 
0,999282; 0,000453527; 1,99865; 0,000680651; 
0,999327; 0,000452806; 1,99872; 0,000681664; 
0,999373; 0,000451745; 1,99879; 0,000682137; 
0,999418; 0,00045035; 1,99886; 0,000682079; 
0,999463; 0,000448627; 1,99892; 0,000681495; 
0,999507; 0,000446581; 1,99899; 0,000680393; 
0,999552; 0,000444218; 1,99906; 0,000678781; 
0,999596; 0,000441544; 1,99913; 0,000676668; 
0,99964; 0,000438565; 1,9992; 0,000674061; 
0,999684; 0,000435288; 1,99926; 0,000670969; 
0,999727; 0,000431719; 1,99933; 0,000667401; 
0,99977; 0,000427866; 1,9994; 0,000663367; 
0,999813; 0,000423733; 1,99946; 0,000658875; 
0,999855; 0,00041933; 1,99953; 0,000653935; 
0,999897; 0,000414662; 1,99959; 0,000648557; 
0,999938; 0,000409738; 1,99966; 0,000642751; 
0,999979; 0,000404563; 1,99972; 0,000636527; 
1,00002; 0,000399145; 1,99978; 0,000629896; 
1,00006; 0,000393493; 1,99985; 0,000622868; 
1,0001; 0,000387613; 1,99991; 0,000615454; 
1,00014; 0,000381512; 1,99997; 0,000607665; 
1,00017; 0,0003752; 2,00003; 0,000599511; 